NVIC_id,SMILES,logS,logP,pKa,Acidic_pKa,Basic_pKa,Caco_2_c,Caco_2,HIA,MDCK,F50,F30,F20
NVIC0001,NCC(=O)Nc1ccc(-n2nc(C(F)(F)F)cc2-c2ccc3c(ccc4ccccc43)c2)cc1,-7.294322968,6.242768287658691,6.077941417694092,5.994418621063232,7.111114501953125,0.48706310987472534,-5.221775055,0.9616149663925171,0.24152784049510956,0.7029634714,0.9212391972541809,0.9554140567779541
NVIC0002,COc1ccc2cc1Oc1ccc(cc1)C[C@H]1c3c(cc4c(c3Oc3cc5c(cc3OC)CCN(C)[C@@H]5C2)OCO4)CCN1C,-7.870466232,7.8835554122924805,7.8112359046936035,7.267433166503906,7.366794109344482,0.4094368517398834,-4.81155777,0.8775483965873718,0.302447110414505,0.2700214684,0.46098822355270386,0.7103031873703003
NVIC0003,C=C(C)[C@@H]1Cc2c(ccc3c2NC(=O)[C@]32C[C@@]34NC(=O)[C@]5(CCCN5C3=O)C[C@@H]4C2(C)C)O1,-4.412050247,2.0674023628234863,4.782029628753662,4.57178258895874,6.3779520988464355,0.6176367998123169,-5.003668308,0.9068607687950134,0.5590781569480896,0.4480129182,0.7185876965522766,0.7687536478042603
NVIC0004,CC(=O)C12c3ccccc3C(c3ccccc31)[C@H]1C(=O)N(c3cccc(C(F)(F)F)c3)C(=O)[C@@H]12,-6.537439346,5.090322971343994,3.6541731357574463,3.475914239883423,3.148827075958252,0.6359879374504089,-4.922081947,0.9598298668861389,0.593607485294342,0.7357897758,0.8797680139541626,0.9190069437026978
NVIC0005,O=C(CSc1nnnn1-c1cccc2ccccc12)N1CCCc2ccccc21,-4.917527676,3.2443923950195312,3.1734747886657715,5.773495197296143,1.040118932723999,0.7512078881263733,-4.722695351,0.9566890001296997,0.87144935131073,0.4081763327,0.4821507930755615,0.5202569365501404
NVIC0006,COc1ccc2c(c1)CC[C@@H]1[C@@H]2CC[C@]2(C)[C@@H](NCCCCCCN3C(=O)C=CC3=O)CC[C@@H]12,-6.543387413,5.19949197769165,9.179152488708496,7.975020885467529,9.461609840393066,0.20868612825870514,-5.735226631,0.9109243154525757,0.17885780334472656,0.3035013676,0.6324397921562195,0.7807131409645081
NVIC0007,CC(C)C[C@@H]1N[C@@H]2N(C1=O)c1ccccc1[C@]21C[C@@H]2C(=O)N[C@](C)(O1)c1nc3ccccc3c(=O)n12,-5.515994072,2.528486728668213,6.528073787689209,6.2976765632629395,6.567606449127197,0.04383258521556854,-6.121417522,0.6852065324783325,0.22559583187103271,0.2555709481,0.49265509843826294,0.6397850513458252
NVIC0008,COc1ccccc1-c1cc2ccc(Cl)cc2[nH]c1=O,-5.090868473,3.463895320892334,5.602156162261963,9.483636856079102,3.3739821910858154,0.9580072164535522,-4.605240822,0.9958251714706421,0.7256466150283813,0.8425525427,0.9466131329536438,0.9658452272415161
NVIC0009,N/C(=N\Cc1ccccc1)NC(=O)c1nc(Cl)c(N)nc1N,-2.148511887,0.9548516273498535,6.050902366638184,7.172257900238037,6.338401794433594,0.8074184060096741,-4.926197052,0.9851329326629639,0.6004311442375183,0.8843780756,0.960162878036499,0.9707649350166321
NVIC0010,CC(C)[C@@]1(O)[C@@H](OC(=O)c2ccc[nH]2)[C@@]2(O)[C@@]3(C)C[C@]4(O)O[C@@]5([C@H](O)[C@@H](C)CC[C@]35O)[C@@]2(O)[C@]41C,-3.054356098,0.014813005924224854,7.834982395172119,8.227011680603027,7.406213283538818,0.0564730204641819,-6.117014408,0.663450300693512,0.4009796679019928,0.4001688957,0.6479886770248413,0.6706243753433228
NVIC0011,Cc1coc2c1C(=O)C(=O)c1c-2ccc2c(C)cccc12,-5.157738686,3.972355842590332,7.605029106140137,7.813548564910889,6.922125816345215,0.8355785012245178,-4.794178963,0.9858960509300232,0.5510603189468384,0.4115447104,0.6533509492874146,0.7881061434745789
NVIC0012,OC[C@H]1O[C@@H](OC[C@H]2O[C@H](O[C@]3(CO)O[C@H](CO)[C@@H](O)[C@@H]3O)[C@H](O)[C@@H](O)[C@@H]2O)[C@H](O)[C@@H](O)[C@@H]1O,0.1712915301322937,-3.462794304,4.248223781585693,4.038493633270264,5.744201183319092,0.004010896664112806,-6.61565733,0.06100494787096977,0.3636946380138397,0.2131043971,0.21729083359241486,0.2579761743545532
NVIC0013,COc1ccc2sc(NC(c3ccc(OC(F)F)cc3)c3ccc4cccnc4c3O)nc2c1,-6.076976299,5.284762382507324,9.256377220153809,9.480138778686523,5.444153308868408,0.7355343103408813,-4.792294025,0.9809417724609375,0.5032153129577637,0.5437383652,0.734464704990387,0.8263965249061584
NVIC0014,CNc1ccc2oc(C[C@H]3O[C@@]4(CC[C@H]3C)O[C@H]([C@H](C)C(=O)c3ccc[nH]3)[C@H](C)C[C@H]4C)nc2c1C(=O)O,-5.643339634,3.18155574798584,6.815676212310791,6.516706466674805,5.982494831085205,0.01578965038061142,-6.308935165,0.7439209818840027,0.2437063306570053,0.5636947751,0.7326413989067078,0.7926186323165894
NVIC0015,CCC(CC)COC(=O)[C@H](C)N[P@](=O)(OC[C@H]1O[C@@](C#N)(c2ccc3c(N)ncnn23)[C@H](O)[C@@H]1O)Oc1ccccc1,-4.076957703,2.2081358432769775,5.908045768737793,5.886275768280029,5.323638916015625,0.07334902137517929,-5.874476433,0.6914321780204773,0.5030631422996521,0.08149943501,0.11252471804618835,0.17420805990695953
NVIC0016,CCN(CC)c1ccc(C(=C2C=CC(=[N+](CC)CC)C=C2)c2ccccc2)cc1,-3.394361019,1.8312480449676514,10.952550888061523,10.40937328338623,12.84739875793457,0.27582699060440063,-5.314259529,0.7412618398666382,0.19873280823230743,0.169565931,0.25849372148513794,0.33266472816467285
NVIC0017,NC(=O)c1[nH]nc([C@@H]2O[C@H](CO)[C@@H](O)[C@H]2O)c1O,-0.3537923098,-2.191195488,5.748012065887451,5.5421247482299805,4.161565780639648,0.02169216424226761,-6.217231274,0.31687963008880615,0.45804256200790405,0.7092975378,0.7335982918739319,0.794704020023346
NVIC0018,Nc1nc2c(c(=O)[nH]1)NC(CNc1ccc(C(=O)N[C@@H](CCC(=O)O)C(=O)O)cc1)CN2,-1.94733572,-1.999002099,5.292579650878906,4.970813274383545,7.783306121826172,0.002030335832387209,-7.186588764,0.16608871519565582,0.28041213750839233,0.2766515017,0.28598231077194214,0.33816763758659363
NVIC0019,Oc1ccc(/C=N\Nc2nc(Nc3ccccc3)nc(N3CCOCC3)n2)cc1,-5.231200695,4.058772087097168,6.200957775115967,6.69594144821167,2.829200029373169,0.3908700942993164,-5.18205452,0.9540323615074158,0.5445042252540588,0.3024140894,0.46064311265945435,0.6045386791229248
NVIC0020,COc1cc(/C=N\Nc2cc(N3CCOCC3)nc(N3CCOCC3)n2)ccc1O,-4.512696266,2.968993663787842,4.498645782470703,4.009519100189209,5.034906387329102,0.1053486317396164,-5.834684849,0.8267351388931274,0.27938321232795715,0.1187862903,0.21395675837993622,0.27826371788978577
NVIC0021,COc1ccc(/C=C2/SC(=N)NC2=O)cc1O,-1.828461647,0.9064029455184937,7.542522430419922,7.431354522705078,6.376530170440674,0.7361916303634644,-4.928256989,0.9698309302330017,0.4331054389476776,0.8389876485,0.9337465167045593,0.961944043636322
NVIC0022,C[C@@H]1N[C@@H]2N(C1=O)c1ccccc1[C@@]21C[C@H]2n3c(nc4ccccc4c3=O)C(=O)C(C)(C)[C@@]2(O)O1,-5.332090855,2.0246071815490723,6.419311046600342,6.584493160247803,5.68574857711792,0.08113446086645126,-5.972756386,0.7419005632400513,0.2654294967651367,0.1547838449,0.3558908700942993,0.522713303565979
NVIC0023,CC1(C)C=Cc2cc3c(cc2O1)NC(=O)[C@]31C[C@@]23NC(=O)[C@]4(CCCN4C2=O)C[C@@H]3C1(C)C,-4.712419987,2.507467746734619,5.003246784210205,4.898895740509033,6.6463212966918945,0.8154325485229492,-4.687562943,0.9545774459838867,0.5256876945495605,0.7126201391,0.9143503904342651,0.9384021759033203
NVIC0024,O=C(O)[C@H]1O[C@@H](Oc2c(O)cc(O)c3c(=O)c(O[C@@H]4O[C@H](CO)[C@@H](O)[C@H](O)[C@H]4O)c(-c4ccc(O)c(O)c4)oc23)[C@H](O)[C@@H](O)[C@@H]1O,-1.609597087,-1.83026135,7.855410575866699,8.140731811523438,7.077418804168701,0.003820322221145034,-6.852052689,0.2070551961660385,0.19476790726184845,0.06239388883,0.1149284690618515,0.18969739973545074
NVIC0025,CN(C(=O)COc1cccc2c1OC(C)(C)C2)c1nc2c(s1)CCCC2,-5.304226398,4.28895378112793,6.406981468200684,7.697068691253662,5.306924819946289,0.9738784432411194,-4.427380562,0.9942498207092285,0.8100205063819885,0.5276842713,0.7180081009864807,0.7956506013870239
NVIC0026,O=C(O)c1cc(-c2ccc(/C=C3\SC(=S)N(CCc4ccc(OCC5CC5)cc4)C3=O)o2)ccc1Cl,-7.119614601,6.352128505706787,4.0665283203125,3.7736237049102783,3.6418137550354004,0.3498406708240509,-5.073280334,0.96865314245224,0.41110917925834656,0.7999754548,0.9231623411178589,0.9604586958885193
NVIC0027,C[C@@H]1C[C@@]23C[C@H]4C(C)(C)[C@@]5(C[C@]4(C[N+]2([O-])C1)N(C)C3=O)C(=O)Nc1c5ccc2c1C(=O)CC(C)(C)O2,-3.704402447,1.9345475435256958,5.730885982513428,5.727766513824463,7.314085006713867,0.7085141539573669,-5.042808533,0.8421379923820496,0.7007339596748352,0.107670106,0.20732320845127106,0.2955150902271271
NVIC0028,OC[C@H](O)[C@@H](O)[C@H](O[C@@H]1O[C@H](CO)[C@H](O)[C@H](O)[C@H]1O)[C@H](O)CO,0.788226842880249,-3.579190254,4.96757173538208,4.664124965667725,5.721392631530762,0.011823534034192562,-6.200047493,0.09360116720199585,0.3903874456882477,0.3167751729,0.31692925095558167,0.3824065029621124
NVIC0029,NCCOB(c1ccccc1)c1ccccc1,-2.10579443,2.8210082054138184,9.653207778930664,10.080604553222656,9.519271850585938,0.9055155515670776,-4.360743046,0.9850742816925049,0.39045214653015137,0.8037363291,0.9014115333557129,0.9499770402908325
NVIC0030,CC(C)C1=Cc2ccc3c(c2C(=O)C1=O)CCCC3(C)C,-5.579973698,4.642430305480957,8.678226470947266,9.020883560180664,7.501903057098389,0.9363241791725159,-4.670824051,0.9886544942855835,0.5745161771774292,0.4956724644,0.6609418988227844,0.7981014251708984
NVIC0031,NC(N)=NC(=O)c1nc(Cl)c(N)nc1N,-1.634543657,-1.178830028,6.005712032318115,6.305039882659912,6.326922416687012,0.29471635818481445,-5.504723072,0.9039341807365417,0.5752129554748535,0.9162752628,0.9637873768806458,0.9748411178588867
NVIC0032,CCCCN(CCCNC(=O)OC(C)(C)C)C(=O)c1ccc(OC)c(OC)c1,-4.097566605,3.9766464233398438,5.219606399536133,7.220462799072266,5.670230865478516,0.8730759620666504,-4.713238239,0.9743807911872864,0.8362710475921631,0.2115583867,0.2544693350791931,0.3381985127925873
NVIC0033,CCOC(=O)C1=C(C)N=c2s/c(=C/c3cc(Br)ccc3OC(C)=O)c(=O)n2C1c1ccccc1,-6.653500557,5.76267671585083,4.8497443199157715,4.838351726531982,3.25777530670166,0.6438868641853333,-4.506633759,0.9501314759254456,0.577502965927124,0.2989617884,0.4055113196372986,0.528858482837677
NVIC0034,O=S(=O)(Nc1ccc(-n2cnnn2)cc1)C1=Cc2ccccc2CC1,-4.686570168,3.050899028778076,7.320802211761475,7.241693019866943,2.927368640899658,0.2624024748802185,-5.534276009,0.9632360339164734,0.5955382585525513,0.5782353282,0.7807386517524719,0.8564993739128113
NVIC0035,O=C1NC(=O)C(c2ccccc2)(c2ccccc2)N1,-3.646194935,2.2106704711914062,7.862794876098633,8.08704662322998,2.242854356765747,0.895939290523529,-4.524169445,0.98502117395401,0.6877302527427673,0.960198164,0.9885416030883789,0.9927224516868591
NVIC0036,C[C@@H]1CN(C2=NC(=O)/C(=C/c3cn(-c4ccccc4)nc3-c3cc4ccccc4o3)S2)C[C@@H](C)O1,-7.049458027,5.56863260269165,3.9495415687561035,4.804569721221924,3.3697259426116943,0.6789518594741821,-4.820606232,0.984725296497345,0.5028895735740662,0.8014572859,0.9204030632972717,0.9516761302947998
NVIC0037,CCN(c1nc(N)c(C(=O)N=C(N)N)nc1Cl)C(C)C,-2.897172451,1.3703035116195679,5.99827241897583,6.113501071929932,5.889618396759033,0.8930450677871704,-4.577799797,0.9912236928939819,0.628948986530304,0.9302085042,0.9789136648178101,0.9856249690055847
NVIC0038,CSC[C@H]1O[C@@H](n2ccc3c(N)ncnc32)[C@H](O)[C@@H]1O,-2.067033768,-0.1221165061,4.730280876159668,7.964935779571533,3.728756904602051,0.5158621668815613,-5.141824245,0.8797741532325745,0.7597715854644775,0.6054874659,0.7241485714912415,0.8279116749763489
NVIC0039,Nc1ncnc2nc[nH]c12,-1.573343396,-0.3325562477,7.295682430267334,10.891454696655273,3.7205209732055664,0.4644604027271271,-5.032341957,0.9362887740135193,0.6454885601997375,0.7653034329,0.8724674582481384,0.940658688545227
NVIC0040,NC(=O)c1c(/N=c2\oc3cc(O)ccc3cc2C(N)=O)sc2c1CCCC2,-5.035883904,2.894444465637207,8.904831886291504,8.870599746704102,6.0552592277526855,0.602653980255127,-5.001676559,0.9830432534217834,0.4213629961013794,0.6158969998,0.86473548412323,0.9232909679412842
NVIC0041,Cc1ccc(Cn2c(CO)cnc2SCC(=O)N2CCCc3ccccc32)cc1,-5.12645483,3.3145623207092285,4.015321254730225,5.87323522567749,3.3558411598205566,0.6127874255180359,-4.914346695,0.9744680523872375,0.8171931505203247,0.5423077941,0.67726069688797,0.7584138512611389
NVIC0042,Cn1c(=O)c2c(SCC(=O)NCCc3ccccc3)nc(-c3ccco3)nc2n(C)c1=O,-4.461021423,2.509030342102051,5.998837947845459,6.876576900482178,1.6628754138946533,0.8747824430465698,-4.517595768,0.9674779772758484,0.7480267882347107,0.5982162356,0.7828873991966248,0.8513290286064148
NVIC0043,O=C(NCC1CCCO1)C(=O)Nc1c2c(nn1-c1ccc(F)cc1)CSC2,-2.694027901,1.2159647941589355,4.8061442375183105,8.57020378112793,2.658097505569458,0.9006381630897522,-4.702040672,0.9851952791213989,0.8349015116691589,0.9297860861,0.9701212048530579,0.9848451018333435
NVIC0044,O=C(O)c1cc(-c2ccc(/C=C3\SC(=S)N(CCc4ccccc4)C3=O)o2)ccc1Cl,-6.185445786,5.267186164855957,4.039856910705566,3.757333755493164,2.9222354888916016,0.44361159205436707,-4.996137619,0.9750976563,0.5208941698074341,0.8760600686,0.9481934905052185,0.9703282713890076
NVIC0045,O=C(Nc1cccc(-c2ccccc2)c1)N1CCN(C(=O)Nc2cccc(-c3ccccc3)c2)CC1,-5.949297905,4.3506622314453125,9.70645809173584,9.504325866699219,8.632682800292969,0.09889768064022064,-5.935913086,0.8522835969924927,0.16671441495418549,0.1874324232,0.3571661412715912,0.5154736638069153
NVIC0046,Cn1c(=O)cc(-c2cccc(Cl)c2)c2cc(Cn3cncc3C(O)c3ccc(C#N)cc3)ccc21,-5.245587826,3.5333447456359863,4.665706634521484,6.930588245391846,2.2772390842437744,0.3922361135482788,-5.348097801,0.9624246954917908,0.7381461262702942,0.6184731722,0.7649308443069458,0.8121696710586548
NVIC0047,CN1CCC[C@@H]1CCOC(COC(=O)/C=C/C(=O)O)(c1ccccc1)c1ccc(Cl)cc1,-4.109107018,2.817625045776367,8.42573356628418,8.435653686523438,9.09710693359375,0.19070042669773102,-5.614780903,0.9480669498443604,0.1599804013967514,0.5353221297,0.8274021744728088,0.8985083699226379
NVIC0048,CC(C)(C)c1cc(O)c(C(C)(C)C)cc1O,-3.452242374,4.149722576141357,9.356094360351562,9.447546005249023,7.968337535858154,0.8072779178619385,-4.475132942,0.9433404803276062,0.4909099340438843,0.1690788716,0.18655681610107422,0.28681641817092896
NVIC0049,[Fe],-0.2742959261,0.8306677341461182,11.236703872680664,16.023000717163086,7.699480056762695,0.7678504586219788,-4.644689083,0.797980546951294,0.4275871515274048,0.7627826929,0.7388824820518494,0.9056949019432068
NVIC0050,Cc1cccc(Cc2nn(C(C)(C)C)c3ncnc(N)c23)c1,-4.27294445,3.4427967071533203,5.307414531707764,7.430685043334961,5.027673721313477,0.9786418676376343,-4.622383118,0.9919935464859009,0.811640739440918,0.492328614,0.6999400854110718,0.8072351217269897
NVIC0051,Cn1c(=O)c2c(ncn2C)n(C)c1=O,0.3947395086288452,-0.5258302689,1.5748997926712036,4.835811138153076,1.2432098388671875,0.8332597017288208,-3.78591013,0.9265539646148682,0.8680872321128845,0.8453976512,0.8575729727745056,0.9050038456916809
NVIC0052,COc1ccc(CCN(C)CCCC(C#N)(c2ccc(OC)c(OC)c2)C(C)C)cc1OC,-4.45236969,4.0392560958862305,7.455862998962402,7.858676433563232,7.708756923675537,0.7219306826591492,-4.722348213,0.9540225863456726,0.5847201347351074,0.2020863742,0.3493035137653351,0.5128964185714722
NVIC0053,CN(C)S(=O)(=O)c1ccc2c(c1)CCN2S(=O)(=O)c1cccs1,-3.76869297,2.2194323539733887,4.6555047035217285,4.510809898376465,3.1852123737335205,0.9471762776374817,-4.611883163,0.973753035068512,0.895067572593689,0.6170185208,0.7313603162765503,0.7703261375427246
NVIC0054,CCN(CC)CCCC(C)Nc1ccnc2cc(Cl)ccc12,-4.42579174,4.825332164764404,8.233835220336914,8.539876937866211,7.795623302459717,0.7883743047714233,-4.808469772,0.9832079410552979,0.2894827425479889,0.5879462957,0.809065043926239,0.9100201725959778
NVIC0056,CCCCCCCCCCCCCC(=O)O[C@@H]1[C@@H](C)[C@@]2(O)[C@@H](C=C(CO)C[C@]3(O)C(=O)C(C)=C[C@@H]23)[C@@H]2C(C)(C)[C@]12OC(C)=O,-6.731023788,6.707690238952637,5.984762668609619,4.992390155792236,6.165846347808838,0.5324681997299194,-4.888082504,0.8780383467674255,0.2748252749443054,0.2377860099,0.3285927474498749,0.5552234649658203
NVIC0057,Clc1ccccc1C(c1ccccc1)(c1ccccc1)n1ccnc1,-5.732011795,4.3727827072143555,6.8137946128845215,8.44769287109375,5.418953895568848,0.8006166815757751,-4.848484039,0.9870015382766724,0.7827914357185364,0.3767246008,0.4860471487045288,0.6275286078453064
NVIC0058,COc1cccc2c1C(=O)c1c(O)c3c(c(O)c1C2=O)C[C@@](O)(C(=O)CO)C[C@@H]3O[C@H]1C[C@H](N)[C@H](O)[C@H](C)O1,-2.800616741,0.9257622957229614,3.633509397506714,3.2305514812469482,4.503811359405518,0.10863636434078217,-5.578361988,0.6111100316047668,0.3250359296798706,0.06150871515,0.15010963380336761,0.2139137238264084
NVIC0059,O=C(O)c1ccc2c(=O)c(C(=O)O)c[nH]c2c1,-1.711153388,0.46574902534484863,4.386744022369385,4.284076690673828,4.962737083435059,0.055692993104457855,-6.138782978,0.6869667768478394,0.3558240234851837,0.7475990057,0.8129522800445557,0.8879652619361877
NVIC0060,Cc1cc(-c2ccc(N3C(=O)CC4(CCCC4)C3=O)c(C)c2)ccc1N1C(=O)CC2(CCCC2)C1=O,-6.214357853,4.928220748901367,4.320864200592041,4.211061000823975,4.389777183532715,0.7967619895935059,-4.735490799,0.9690532088279724,0.5098096132278442,0.7403383255,0.9001294374465942,0.9349991679191589
NVIC0061,NCC1(CC(=O)O)CCCCC1,0.06711477041244507,-2.181586742,8.00043773651123,7.271892547607422,9.09078598022461,0.09115725010633469,-5.700937271,0.6593846678733826,0.38327401876449585,0.8612855077,0.9076656699180603,0.9446970224380493
NVIC0062,CN(C)c1ccc(C(=C2C=CC(=[N+](C)C)C=C2)c2ccc(N(C)C)cc2)cc1,-3.202070236,1.0943211317062378,9.035147666931152,9.688690185546875,9.172764778137207,0.24223220348358154,-5.224327087,0.7375108599662781,0.2764792740345001,0.211817041,0.36281099915504456,0.44232985377311707
NVIC0063,Cc1cc(=O)c2c(O)c3c(O)cc(O)c4c5c(O)cc(O)c6c(O)c7c(=O)cc(C)c8c1c2c(c34)c(c65)c78,-5.064806938,3.7065019607543945,4.6429548263549805,4.9835896492004395,5.601757049560547,0.010998208075761795,-6.951096058,0.5827551484107971,0.2853051424026489,0.1117243692,0.23678407073020935,0.38249486684799194
NVIC0064,CC(=O)N(CC(O)CN(C(C)=O)c1c(I)c(C(=O)NCC(O)CO)c(I)c(C(=O)NCC(O)CO)c1I)c1c(I)c(C(=O)NCC(O)CO)c(I)c(C(=O)NCC(O)CO)c1I,-1.16081965,-2.538780689,5.547844409942627,5.00554895401001,7.779610633850098,0.003560870885848999,-6.425415039,0.08684391528367996,0.21543832123279572,0.1033257768,0.1321946680545807,0.1430758535861969
NVIC0065,NC(=O)c1ncn([C@@H]2O[C@H](CO)[C@@H](O)[C@H]2O)n1,-0.8646598458,-1.402815223,3.022730588912964,2.9084975719451904,2.115609645843506,0.04309654235839844,-5.621353626,0.3969466984272003,0.6084375977516174,0.775102973,0.8142746090888977,0.8489423990249634
NVIC0066,CC(C)C[C@H](NC(=O)[C@H](Cc1ccccc1)NC(=O)c1cnccn1)B(O)O,-3.271690369,0.9231343269348145,5.987983703613281,6.304460525512695,3.863313913345337,0.05974278599023819,-5.635850906,0.7419180870056152,0.5443359017372131,0.14754498,0.26026687026023865,0.3874549865722656
NVIC0067,O=C(Nc1cccc2ccccc12)c1c(NC(=O)C(F)(F)F)sc2c1CCCC2,-5.614682198,4.676398754119873,8.835365295410156,8.67628002166748,6.093505859,0.6679602265357971,-4.835325718,0.9796717762947083,0.4803277552127838,0.7080982924,0.8476940989494324,0.9071545600891113
NVIC0068,NC(=O)C1=CN([C@@H]2O[C@H](COP(=O)(O)OP(=O)(O)OC[C@H]3O[C@@H](n4cnc5c(N)ncnc54)[C@H](O)[C@@H]3O)[C@@H](O)[C@H]2O)C=CC1,-1.655343175,-2.305481911,5.391051769256592,5.0840277671813965,6.310765743255615,0.001735340105369687,-6.732992649,0.06316142529249191,0.2991905212402344,0.1572308838,0.12816932797431946,0.13787336647510529
NVIC0069,CSC[C@H]1O[C@@H](n2cnc3c(N)ncnc32)[C@H](O)[C@@H]1O,-1.934716344,-0.4264589548,3.745321035385132,6.6530303955078125,3.0018982887268066,0.2916158139705658,-5.316210747,0.8378594517707825,0.7442598342895508,0.7899999619,0.8561537265777588,0.906882107257843
NVIC0070,NC(N)=NCCC[C@H](N)C(=O)N1CCC[C@H]1C(=O)N1CCC[C@H]1C(=O)NCC(=O)N[C@@H](Cc1ccccc1)C(=O)N[C@@H](CO)C(=O)N1CCC[C@H]1C(=O)N[C@@H](Cc1ccccc1)C(=O)N[C@@H](CCCN=C(N)N)C(=O)O,-1.605577588,-2.340978146,4.5910868644714355,4.334352016448975,6.165072441101074,0.0011723361676558852,-6.396766663,0.11278113722801208,0.22948335111141205,0.1565184742,0.18841588497161865,0.20719565451145172
NVIC0071,O=C1C[C@@H](c2ccc(O)cc2)Oc2cc(O)cc(O)c21,-2.997369289,2.5675768852233887,5.245494842529297,5.597652912139893,3.553922653198242,0.6561201810836792,-4.797569752,0.9507050514221191,0.6164451837539673,0.1774561703,0.34397077560424805,0.5029388666152954
NVIC0072,CC[C@@]1([C@@H]2O[C@@H]([C@H]3O[C@@](O)(CO)[C@H](C)C[C@@H]3C)C[C@@H]2C)CC[C@H]([C@]2(C)CC[C@]3(C[C@H](O)[C@@H](C)[C@@H]([C@@H](C)[C@@H](OC)[C@H](C)C(=O)O)O3)O2)O1,-5.824700356,3.713871955871582,4.5649237632751465,4.296668529510498,5.617934226989746,0.055297210812568665,-5.410611153,0.5846605896949768,0.2113930881023407,0.4693180621,0.6381133198738098,0.6902957558631897
NVIC0073,CCn1cc(C(=O)NCc2ccc(Cl)cc2)c(=O)c2ccc(C(F)(F)F)cc21,-5.533135414,4.047540664672852,5.479074954986572,6.122194766998291,3.891960859298706,0.7994224429130554,-4.712482452,0.9884020686149597,0.7237966656684875,0.6999628544,0.8462629914283752,0.8752042651176453
NVIC0074,NC(=O)C1CCN(c2cc3c(cc2F)c(=O)c(C(=O)NCc2ccc(Cl)cc2Cl)cn3C2CC2)CC1,-5.671427727,4.103546619415283,6.331540584564209,6.6963324546813965,4.896817684173584,0.2651646137237549,-5.381248474,0.9582052826881409,0.39344191551208496,0.4856931865,0.7340638041496277,0.8103106617927551
NVIC0075,CCOC(=O)C1CCN(c2cc3c(cc2F)c(=O)c(C(=O)NCc2ccc(Cl)cc2Cl)cn3CC)CC1,-5.672101974,4.3763275146484375,5.629780292510986,5.971527576446533,4.961450576782227,0.2283506691455841,-5.3685112,0.9479598999023438,0.4509375989437103,0.3444907963,0.5368931889533997,0.6542097926139832
NVIC0076,CCOC(=O)N1CCN(c2cc3c(cc2F)c(=O)c(C(=O)NCc2ccc(Cl)cc2Cl)cn3CC)CC1,-5.678284645,4.236047267913818,5.018064498901367,5.328801155090332,4.892350673675537,0.16583943367004395,-5.586626053,0.934296190738678,0.4676920473575592,0.2983446419,0.4860606789588928,0.5968676209449768
NVIC0077,CCOC(=O)N1CCN(c2cc3c(cc2F)c(=O)c(C(=O)NCc2ccc(Cl)cc2Cl)cn3C2CC2)CC1,-5.724028111,4.328926086425781,5.237184047698975,5.5156426429748535,4.656274795532227,0.21653909981250763,-5.478642464,0.9233669638633728,0.48143133521080017,0.2797155082,0.4538956880569458,0.5639259219169617
NVIC0078,N#C[C@@]1(c2ccc3c(N)ncnn23)O[C@H](CO)[C@@H](O)[C@H]1O,-1.752962232,-0.7291339636,3.787890672683716,3.5280117988586426,3.1727685928344727,0.044189322739839554,-5.773413658,0.5336079001426697,0.608726441860199,0.8230066299,0.8402724862098694,0.8631923794746399
NVIC0079,CCCCCCCC/C=C\CCCCCCCC(=O)O,-7.214932919,8.10226058959961,4.858901500701904,4.46169900894165,3.1414356231689453,0.7371053099632263,-4.765306473,0.901975154876709,0.6290737390518188,0.4182187319,0.4593713581562042,0.6810266375541687
NVIC0080,C/C=C(/C)C(=O)O[C@H]1C(C)=C2[C@@H]3OC(=O)[C@@](C)(O)[C@@]3(O)[C@@H](OC(=O)CCC)C[C@](C)(OC(C)=O)[C@H]2[C@@H]1OC(=O)CCCCCCC,-5.393548489,4.7752299308776855,3.899226427078247,3.1954867839813232,5.048675537109375,0.23897160589694977,-5.044586182,0.6266754269599915,0.2919306457042694,0.06866917759,0.1125568225979805,0.21232207119464874
NVIC0081,Nc1ncnc2c([C@@H]3O[C@H](CO)[C@@H](O)[C@H]3O)[nH]nc12,-0.9678182602,-2.137776852,4.8148298263549805,4.9517340660095215,3.7591071128845215,0.01105847954750061,-6.359755993,0.3759594261646271,0.507056474685669,0.7865666747,0.8085300922393799,0.8393740057945251
NVIC0082,C[C@@H](NC(=O)C(=O)c1ccc(C2CCCCC2)cc1)C(C)(C)C,-5.847520828,4.942814350128174,7.383278846740723,7.959442138671875,4.8177490234375,0.931855320930481,-4.681386471,0.989916980266571,0.7628857493400574,0.3977585137,0.526617705821991,0.6591981053352356
NVIC0083,COC(=O)C1=C(C)NC(C)=C(C(=O)OC)C1c1ccccc1[N+](=O)[O-],-4.548570633,3.0411758422851562,5.642724990844727,5.714873790740967,4.909747123718262,0.8635969758033752,-4.825655937,0.9834354519844055,0.7499638795852661,0.4818777144,0.7252073287963867,0.8133269548416138
NVIC0084,CC/C(=C(\c1ccc(O)cc1)c1ccc(OCCN(C)C)cc1)c1ccccc1,-6.57583189,6.049339771270752,8.450900077819824,8.764302253723145,8.754905700683594,0.7765617966651917,-4.826290607,0.9696041941642761,0.32418379187583923,0.3093531132,0.5799990892410278,0.7001438140869141
NVIC0085,C#Cc1c(C(N)=O)ncn1[C@@H]1O[C@H](CO)[C@@H](O)[C@H]1O,-1.379515767,-1.6353091,4.002686023712158,3.961237668991089,3.9576263427734375,0.03803779557347298,-5.804307461,0.43415597081184387,0.519640326499939,0.7402960062,0.807633101940155,0.8423290848731995
NVIC0086,[N-]=[N+]=N[C@]1(CO)O[C@@H](n2ccc(N)nc2=O)[C@H](O)[C@@H]1O,-1.722574711,-0.9523745775,4.464476108551025,4.309937477111816,4.0810980796813965,0.023813027888536453,-5.618598938,0.4423682689666748,0.5999913811683655,0.7159107327,0.6939266324043274,0.7201545834541321
NVIC0087,CCCCCCCCc1[nH]c2cccc3c2c1C[C@@H](CO)NC(=O)[C@H](C(C)C)N3C,-5.329663277,4.959414958953857,7.767075538635254,8.33695125579834,7.084167003631592,0.6674474477767944,-5.304817677,0.9424861073493958,0.4174361526966095,0.1222986057,0.18216241896152496,0.3495713472366333
NVIC0088,CC(C)C[C@@H](C=O)NC(=O)[C@H](CC(C)C)NC(=O)[C@H](CC(C)C)NC(=O)OCc1ccccc1,-4.888749123,3.6081080436706543,5.2021589279174805,5.486181735992432,5.5001726150512695,0.6347671747207642,-4.951536179,0.9143761992454529,0.6926218271255493,0.1199954897,0.20265813171863556,0.32038697600364685
NVIC0089,COc1ccc(P(=S)(S)N2CCOCC2)cc1,-2.318765163,1.1827077865600586,4.901872634887695,5.0511674880981445,3.372217893600464,0.9643012285232544,-4.612227917,0.9792419672012329,0.8427794575691223,0.8468082547,0.9149872064590454,0.94886714220047
NVIC0090,CC(COc1ccccc1)N(CCCl)Cc1ccccc1,-3.835145473,4.220107078552246,8.110308647155762,8.633248329162598,8.198351860046387,0.9722961187362671,-4.289599419,0.9896082282066345,0.5610675811767578,0.4893417656,0.6455442905426025,0.7802301645278931
NVIC0091,O=C(C1CCCCC1)N1CC(=O)N2CCc3ccccc3C2C1,-3.45847559,2.217864990234375,6.463868141174316,7.482056140899658,4.798547744750977,0.9795958995819092,-4.422223568,0.9852501749992371,0.8481723070144653,0.4030632973,0.5889634490013123,0.7033435106277466
NVIC0092,NC(=O)c1nc(F)c[nH]c1=O,-1.979817271,-0.7714773417,6.966350555419922,7.149325370788574,2.6171369552612305,0.3209397494792938,-5.119482517,0.8795679211616516,0.48339909315109253,0.8611792922,0.9280418157577515,0.9639247059822083
NVIC0093,CC(C)NCC(O)COc1cccc2ccccc12,-2.777515888,3.162609100341797,9.58747673034668,9.495780944824219,9.53347396850586,0.9144801497459412,-4.496757507,0.988303542137146,0.29845941066741943,0.7194792032,0.8893950581550598,0.9424457550048828
NVIC0094,O=C1CC(c2ccc3c(c2)OCO3)c2c([nH]c(SCc3cccc(F)c3)nc2=O)N1,-4.709487915,2.920999526977539,7.761532783508301,8.896177291870117,2.033071756362915,0.4347139000892639,-4.721179962,0.9651503562927246,0.599419355392456,0.7796182632,0.8773182034492493,0.906401515007019
NVIC0095,O=C(Nc1ccccc1F)N[C@H]1N=C(c2ccccc2)c2ccccc2NC1=O,-5.103747368,2.900881290435791,7.633985996246338,7.669138431549072,6.704044818878174,0.30312463641166687,-5.606169701,0.9805204272270203,0.30242353677749634,0.8145263195,0.9539464116096497,0.9735065698623657
NVIC0096,C/C=C/CC(C)C(O)C1C(=O)NC(CC)C(=O)N(C)CC(=O)N(C)C(CC(C)C)C(=O)NC(C(C)C)C(=O)N(C)C(CC(C)C)C(=O)NC(C)C(=O)NC(C)C(=O)N(C)C(CC(C)C)C(=O)N(C)C(CC(C)C)C(=O)N(C)C(C(C)C)C(=O)N1C,-4.726240158,3.08742094039917,3.715540885925293,4.017879009246826,4.1329426765441895,0.02220994606614113,-5.702235222,0.299613893032074,0.45026662945747375,0.155820787,0.13074418902397156,0.17507967352867126
NVIC0097,C=C1CC[C@H](O)C/C1=C/C=C1\CCC[C@@]2(C)[C@H]1CC[C@@H]2[C@H](C)CCCC(C)C,-8.12321949,8.29883861541748,7.780139446258545,7.839561462402344,6.390566825866699,0.7833129167556763,-4.440796852,0.9152851700782776,0.37015655636787415,0.6826233268,0.7266741991043091,0.8644616603851318
NVIC0098,C[C@@H]1O[C@@H](OC[C@H]2O[C@@H](Oc3c(-c4ccc(O)c(O)c4)oc4cc(O)cc(O)c4c3=O)[C@H](O)[C@@H](O)[C@@H]2O)[C@H](O)[C@H](O)[C@H]1O,-2.587940216,-1.136226773,6.891153335571289,6.94921875,6.605941295623779,0.002078709192574024,-7.223223209,0.2669895887374878,0.18641823530197144,0.06278201193,0.11743676662445068,0.18738923966884613
NVIC0099,CC(=O)c1c(O)c(C)c(O)c(Cc2c(O)c3c(c(C(=O)/C=C/c4ccccc4)c2O)OC(C)(C)C=C3)c1O,-5.374693394,5.226040840148926,6.9814772605896,6.996151924133301,7.367969989776611,0.1743527203798294,-5.679831505,0.784278929233551,0.3042526841163635,0.05545000359,0.09270253777503967,0.1585036814212799
NVIC0100,C=C1CC[C@H](O)C/C1=C/C=C1\CCC[C@@]2(C)[C@H]1CC[C@@H]2[C@H](C)CCCC(C)(C)O,-6.33350563,5.780476093292236,7.5087056159973145,7.226022243499756,6.4567718505859375,0.30272507667541504,-4.780038834,0.8473361134529114,0.35458990931510925,0.7504456639,0.8037898540496826,0.8652418255805969
NVIC0101,C1CCC[C@@H]2CCCN3CC[C@H](CCCCCC[C@H]4CCCN5CC[C@H](CC1)O[C@H]45)O[C@H]23,-6.255682945,6.773584842681885,7.597118854522705,7.79626989364624,7.775492191314697,0.7365091443061829,-4.720023155,0.9387656450271606,0.2019708901643753,0.2510219216,0.4436078667640686,0.7016922831535339
NVIC0102,COc1cc(Nc2c(C#N)cnc3cc(OCCCN4CCN(C)CC4)c(OC)cc23)c(Cl)cc1Cl,-5.077458858,4.638669967651367,3.451988458633423,2.4884471893310547,4.082496166229248,0.6513758301734924,-4.622166157,0.9614159464836121,0.32061290740966797,0.6527267694,0.8890899419784546,0.9252672791481018
NVIC0103,C/C=C1\CN2CCc3c([nH]c4ccccc34)C2CC1C(Cc1c[n+]2c(c3[nH]c4ccccc4c13)CC1C(C(=O)OC)=COC(C)C1C2)C(=O)OC,-4.401677608,3.5420989990234375,8.692272186279297,8.769730567932129,9.780538558959961,0.1813293844461441,-5.663506508,0.8753519654273987,0.3916294574737549,0.05542299896,0.1088990643620491,0.18743930757045746
NVIC0104,C/C(=N\NC(=O)c1ccncc1)C(=O)O,-0.5181052685,-0.9438233376,1.0884790420532227,4.182052135467529,-1.228852272,0.12148819118738174,-5.049230099,0.6685307621955872,0.6169949173927307,0.854970336,0.9273889660835266,0.9455235004425049
NVIC0105,O=C[C@H](O)[C@@H](O)[C@H](O)[C@H](O)CO[C@H]1O[C@H](CO[C@H]2O[C@H](CO)[C@H](O)[C@H](O)[C@H]2O)[C@H](O)[C@H](O)[C@H]1O,-0.1550049782,-3.215108871,4.237325191497803,4.0113115310668945,5.10225772857666,0.003153018420562148,-6.572560787,0.08621187508106232,0.33799540996551514,0.2870827913,0.3272134065628052,0.36305972933769226
NVIC0106,N#C[C@@]1(c2ccc3c(N)ncnn23)O[C@H](COP(=O)(O)OP(=O)(O)OP(=O)(O)O)[C@@H](O)[C@H]1O,-1.003491402,-2.231464863,4.668099880218506,4.077439308166504,6.2739973068237305,0.0034703754354268312,-6.910463333,0.054490264505147934,0.4578166902065277,0.1572363377,0.1077815517783165,0.120940200984478
NVIC0107,CC(=O)Nc1ccc(/C(C)=N\Nc2nc(Nc3ccccc3)nc(N3CCOCC3)n2)cc1,-5.606105328,5.047538757324219,6.3817219734191895,7.744340419769287,5.713115692138672,0.3850460350513458,-4.900877953,0.9685671329498291,0.5044177770614624,0.8247551918,0.8907882571220398,0.9308145642280579
NVIC0108,Cc1cccn2c(=O)c(-c3nn[nH]n3)cnc12,-2.808605671,0.23249900341033936,6.388126850128174,6.405013561248779,3.0446200370788574,0.5489600896835327,-4.823860168,0.9433316588401794,0.5689060688018799,0.8247694373,0.9253080487251282,0.9662803411483765
NVIC0109,NC(=O)c1ccc[n+]([C@@H]2O[C@H](COP(=O)([O-])OP(=O)(O)OC[C@H]3O[C@@H](n4cnc5c(N)ncnc54)[C@H](OP(=O)(O)O)[C@@H]3O)[C@@H](O)[C@H]2O)c1,-1.861356735,-1.924214005,5.685487270355225,5.277273654937744,6.877684593200684,0.0014822318917140365,-7.049737453,0.047751959413290024,0.2765582799911499,0.04575861245,0.04136454686522484,0.05244901031255722
NVIC0110,O=c1cnn([C@@H]2O[C@H](CO)[C@@H](O)[C@H]2O)c(=O)[nH]1,-0.9666919708,-2.179490089,4.520445823669434,4.295969486236572,2.966559886932373,0.013088653795421124,-5.91039896,0.24152378737926483,0.47465768456459045,0.4800522625,0.5238329172134399,0.6155126690864563
NVIC0111,CCOC(=O)C1=C(COCCNc2ccccc2S(=O)(=O)O)NC(C)=C(C(=O)OC)C1c1ccccc1Cl,-4.857390881,2.9336977005004883,4.7397332191467285,4.833921909332275,4.704300880432129,0.044269859790802,-5.758457661,0.867082417011261,0.44065025448799133,0.184565708,0.35107433795928955,0.4289206862449646
NVIC0112,COCC(=O)O[C@]1(CCN(C)CCCc2nc3ccccc3[nH]2)CCc2cc(F)ccc2[C@@H]1C(C)C,-4.767270565,4.498682022094727,8.077214241027832,8.381787300109863,7.902448654174805,0.7230457663536072,-4.892827988,0.9779478907585144,0.380862295627594,0.3464184701,0.606240451335907,0.7530909180641174
NVIC0114,CN1C(=O)[C@]23CC4=CC=C[C@H](O)[C@H]4N2C(=O)[C@@]1(CO)SS3,-1.398157597,-0.3350609541,3.895271062850952,3.845393180847168,3.4439830780029297,0.13603322207927704,-5.243431091,0.2946513593196869,0.7128456830978394,0.1072146744,0.09718620032072067,0.11618956923484802
NVIC0115,NC(=O)CC[C@@H]1NC(=O)[C@H](Cc2ccccc2)NC(=O)[C@H](Cc2ccc(O)cc2)NC(=O)[C@@H](N)CSSC[C@@H](C(=O)N2CCC[C@H]2C(=O)N[C@@H](CCCN=C(N)N)C(=O)NCC(N)=O)NC(=O)[C@H](CC(N)=O)NC1=O,-2.239369869,-1.473857284,5.262650012969971,5.089442253112793,6.660384654998779,0.0011246883077546954,-6.764137745,0.08859513700008392,0.17109288275241852,0.09372402728,0.11774852126836777,0.11618726700544357
NVIC0116,Cl[La](Cl)Cl,-1.439898372,1.9873186349868774,-0.2125499994,7.112340450286865,-1.913761139,0.9494181871414185,-3.42482996,0.9566735029220581,0.8376894593238831,0.8560267687,0.8306880593299866,0.879926323890686
NVIC0117,CCN(CCCC(C)Nc1ccnc2cc(Cl)ccc12)CCOP(=O)(O)OOP(=O)(O)O,-2.390494347,-0.6481897831,7.712838649749756,6.79319953918457,8.319042205810547,0.0020512558985501528,-6.979703903,0.1041627749800682,0.3180415630340576,0.0351106897,0.03030312806367874,0.04173218458890915
NVIC0118,C[C@H](CCCC(C)(C)O)[C@H]1CC[C@H]2[C@@H]3CC=C4C[C@@H](O)CC[C@]4(C)[C@H]3CC[C@@]21C,-8.134713173,7.618427276611328,8.761735916137695,9.316170692443848,7.280585289001465,0.874491274356842,-4.54398489,0.9081652760505676,0.34584206342697144,0.1684723496,0.2693606913089752,0.5078197121620178
NVIC0120,O=c1[nH]c2cc(Cl)cc(Cl)c2c(O)c1SCCCc1cncnc1,-4.371542454,3.261247158050537,5.8096442222595215,6.395777225494385,4.005810737609863,0.4445980191230774,-5.198872566,0.9691159129142761,0.6166137456893921,0.3341433108,0.5196153521537781,0.6548461318016052
NVIC0121,C[C@H](C[C@H](C)C(=O)/C=C(\O)[C@H](C)C[C@H](C)C/C=C/[C@@H](C)[C@@H](O)[C@@H](C)[C@@H](O)C[C@@H]1CC[C@@](C)([C@H]2CC[C@@](C)([C@@H](C)O)O2)O1)C[C@H](C)CCC(=O)O,-5.872470856,5.005473613739014,6.389736652374268,6.018825531005859,7.012506008148193,0.07327327877283096,-5.93914175,0.47619855403900146,0.20978812873363495,0.08366307616,0.11156067997217178,0.23963171243667603
NVIC0122,O=C1CN(/N=C/c2ccc(-c3ccc([N+](=O)[O-])cc3)o2)C(=O)N1,-4.19239521,1.9754301309585571,5.187398910522461,5.398601055145264,1.505294919013977,0.9529424905776978,-4.39837265,0.9843752980232239,0.7545989155769348,0.9323394895,0.9766433835029602,0.9858456254005432
NVIC0123,COc1ccc2cc1Oc1ccc(cc1)C[C@H]1c3cc(c(OC)cc3CCN1C)Oc1c(OC)c(OC)cc3c1[C@H](C2)N(C)CC3,-7.354785919,7.270428657531738,7.7737908363342285,6.0437912940979,8.089509963989258,0.33609169721603394,-4.924984932,0.8679296970367432,0.21185767650604248,0.2584324181,0.5105598568916321,0.7233846187591553
NVIC0124,C=CCc1cccc2cc(C(=O)Nc3ccccc3C(=O)O)c(=O)oc12,-4.860955715,3.3748631477355957,6.123073577880859,6.081317901611328,5.228125095367432,0.5445435047149658,-5.241583824,0.9792957305908203,0.5192174315452576,0.8121182919,0.9455978274345398,0.9707726836204529
NVIC0125,CCNc1nc(NC(C)(C)C)nc(N(C#N)CC(=O)OC)n1,-4.237201214,3.811880588531494,2.835735559463501,6.056249141693115,2.484236001968384,0.9624359607696533,-4.46384716,0.9781760573387146,0.9054120182991028,0.4053170979,0.4858112633228302,0.5971088409423828
NVIC0126,Cc1ccc(-n2c3c(cc(C(=O)N4CCOCC4)c2=O)C(=O)CC(C)(C)C3)cc1,-3.818991184,2.5812506675720215,4.578945636749268,4.6832427978515625,3.747556209564209,0.9770020246505737,-4.332256794,0.9792482852935791,0.8867610692977905,0.7109261155,0.8284431099891663,0.8890810012817383
NVIC0127,C(=N/Nc1nc(Nc2ccccc2)nc(N2CCOCC2)n1)\c1cccnc1,-5.198400021,3.6550087928771973,3.22418475151062,7.550577163696289,1.43356454372406,0.27269208431243896,-4.910858154,0.9493301510810852,0.5881451964378357,0.4494365752,0.6045033931732178,0.734905481338501
NVIC0128,O=S(=O)(Nc1ccc(-n2cnnn2)cc1)c1ccc(F)c(F)c1,-4.563002586,3.2298097610473633,1.244397759437561,3.4329071044921875,-1.082237601,0.3286654055118561,-5.111265659,0.8807520866394043,0.804560124874115,0.6838335395,0.7354845404624939,0.7879602909088135
NVIC0129,COC(=O)CN(C#N)c1nc(NC(C)C)nc(NC(C)C)n1,-4.183509827,3.453084945678711,4.040000915527344,5.284839153289795,4.1632161140441895,0.9541066884994507,-4.672308922,0.9816849827766418,0.8331418037414551,0.4557392001,0.637422502040863,0.7361105680465698
NVIC0130,O=C(O)CCCc1c[nH]c2ccccc12,-2.776536465,2.50827693939209,4.770325183868408,4.73333215713501,3.878828525543213,0.6055302023887634,-5.19815588,0.9639583230018616,0.5297149419784546,0.9420917034,0.9724264740943909,0.9826611876487732
NVIC0131,O=C(O)c1c[nH]c2cccc(C(=O)O)c2c1=O,-1.730888128,0.765667200088501,4.86761999130249,4.711065769195557,5.707240581512451,0.07653406262397766,-5.945029259,0.744370698928833,0.41939786076545715,0.807036221,0.8593393564224243,0.9265331625938416
NVIC0132,Cc1ccc(NC(=O)N[C@@H](C(=O)N2CCc3ccccc32)c2ccccc2)cc1,-4.944500923,3.5784692764282227,8.442584991455078,8.389761924743652,5.894753932952881,0.8425852656364441,-4.980146885,0.979638934135437,0.5814847946166992,0.5796734691,0.8152238726615906,0.8774334788322449
NVIC0133,OC[C@H]1O[C@H](OC[C@H]2O[C@H](OC[C@H]3O[C@H](OC4[C@@H](O)[C@@H](O)C(O)[C@@H](O)[C@@H]4O)[C@H](O)[C@@H](O)[C@H]3O)[C@H](O)[C@@H](O)[C@H]2O)[C@H](O)[C@@H](O)[C@H]1O,-0.4604777694,-2.970050812,4.025461673736572,3.7689661979675293,4.957147598266602,0.0028178547509014606,-6.808634758,0.06042509526014328,0.3475886881351471,0.1546934992,0.17743439972400665,0.20743201673030853
NVIC0134,CCc1ccc(C2c3[nH]c4ccccc4c3CCN2C(=O)C2CCC2)cc1,-6.539849758,5.545369625091553,5.83983850479126,6.1641998291015625,4.199364185333252,0.7628979682922363,-4.920672894,0.9844251871109009,0.672337532043457,0.5313715935,0.7284274101257324,0.8315558433532715
NVIC0135,CC[C@]1(CC2CC(C(=O)OC)=C3Nc4ccccc4[C@]34NCC(Cc3ccccc3)[C@@H]24)COC(C)(C)O1,-6.083233833,5.606717586517334,8.752429962158203,8.743522644042969,10.168350219726562,0.49824321269989014,-5.45516777,0.936455488204956,0.3255971372127533,0.1075392291,0.19980840384960175,0.33872681856155396
NVIC0136,Cc1ccc(S(=O)(=O)CC(=O)NC2NC(c3ccc(O)cc3)=CS2)cc1,-4.120446682,1.9197272062301636,6.24200963973999,6.461541175842285,2.7302467823028564,0.25996142625808716,-5.450602531,0.9463785886764526,0.41870975494384766,0.7419025898,0.9073249101638794,0.9442824721336365
NVIC0137,O=C(c1nc(F)cnc1O)N1CCN(c2nnc(-c3ccccc3)o2)CC1,-3.380674839,1.4287382364273071,5.2339348793029785,5.367193698883057,3.7191216945648193,0.9593515992164612,-4.52595377,0.9837239980697632,0.7736546397209167,0.931735158,0.9782349467277527,0.9876120686531067
NVIC0138,O=C(c1nc(F)cnc1O)N1CCN(c2nnc(-c3ccc(Cl)cc3)o2)CC1,-3.833371162,1.7626384496688843,5.021821022033691,5.086186408996582,3.1758313179016113,0.9437228441238403,-4.54317522,0.9855605959892273,0.7417238354682922,0.9278594255,0.9804558753967285,0.9871641397476196
NVIC0139,O=C(c1nc(F)cnc1O)N1CCN(c2nnc(-c3ccc(O)cc3)o2)CC1,-3.320401192,1.09474778175354,6.770320415496826,6.923354625701904,4.727055549621582,0.5042210817337036,-5.504333973,0.9640987515449524,0.533632755279541,0.8269354105,0.9464771151542664,0.9712391495704651
NVIC0140,CN(C(=O)CC(=O)N(C)c1c(I)c(C(=O)NC(CO)C(O)CO)c(I)c(C(=O)NC(CO)C(O)CO)c1I)c1c(I)c(C(=O)NC(CO)C(O)CO)c(I)c(C(=O)NC(CO)C(O)CO)c1I,-0.8386934996,-2.358392715,5.473609447479248,5.5543036460876465,7.202659606933594,0.006837168708443642,-6.296851158,0.11018101871013641,0.2837327718734741,0.135720253,0.16015002131462097,0.17197087407112122
NVIC0141,Nc1ncnn2c([C@@H]3O[C@H](COP(=O)(O)O)C(O)C3O)ccc12,-1.64159143,-2.372271538,3.3125832080841064,3.131783962249756,4.642763614654541,0.002239581663161516,-6.925883293,0.08016671985387802,0.2837628722190857,0.2141101956,0.2567542493343353,0.28106534481048584
NVIC0142,CC=C1CNC2CC34c5ccccc5N[C@H]3C(C)CC1C2C4OC(C)=O,-3.146095276,2.7485527992248535,8.679636001586914,9.925153732299805,8.64449405670166,0.7479812502861023,-5.03018713,0.9769855737686157,0.49960625171661377,0.3089482486,0.5707493424415588,0.7437523007392883