NVIC_id,SMILES,CYP1A2_inhibitor,CYP3A4_inhibitor,CYP2B6_inhibitor,CYP2C9_inhibitor,CYP2C19_inhibitor,CYP2D6_inhibitor,CYP1A2_substrate,CYP3A4_substrate,CYP2B6_substrate,CYP2C9_substrate,CYP2C19_substrate,CYP2D6_substrate,HLM,RLM,UGT_substrate
NVIC0001,NCC(=O)Nc1ccc(-n2nc(C(F)(F)F)cc2-c2ccc3c(ccc4ccccc43)c2)cc1,0.4851950407028198,0.09634034335613251,0.6772230863571167,0.2162495255470276,0.19727331399917603,0.1296571642,0.886482834815979,0.9576396346092224,0.6173096299171448,0.740918755531311,0.8616443872451782,0.7093827724456787,0.035385336726903915,0.07770185172557831,0.5218254923820496
NVIC0002,COc1ccc2cc1Oc1ccc(cc1)C[C@H]1c3c(cc4c(c3Oc3cc5c(cc3OC)CCN(C)[C@@H]5C2)OCO4)CCN1C,0.05536932125687599,0.03525472804903984,0.6089912056922913,0.04590478166937828,0.04819156229496002,0.1802241355,0.5955644249916077,0.8787459135055542,0.8178033232688904,0.3997204303741455,0.6646571159362793,0.6659222841262817,0.35087427496910095,0.4002760052680969,0.11647607386112213
NVIC0003,C=C(C)[C@@H]1Cc2c(ccc3c2NC(=O)[C@]32C[C@@]34NC(=O)[C@]5(CCCN5C3=O)C[C@@H]4C2(C)C)O1,0.13628649711608887,0.14400504529476166,0.35856008529663086,0.09597115218639374,0.18296706676483154,0.08011078835,0.4249209761619568,0.7697281241416931,0.31158989667892456,0.21189594268798828,0.3474465608596802,0.15988387167453766,0.20308749377727509,0.35799548029899597,0.279344767332077
NVIC0004,CC(=O)C12c3ccccc3C(c3ccccc31)[C@H]1C(=O)N(c3cccc(C(F)(F)F)c3)C(=O)[C@@H]12,0.052329644560813904,0.21730537712574005,0.5158799290657043,0.6961448192596436,0.43564745783805847,0.0403900817,0.700187087059021,0.963664174079895,0.609407365322113,0.7420437335968018,0.8922168612480164,0.2959882915019989,0.25523117184638977,0.3698689937591553,0.23241952061653137
NVIC0005,O=C(CSc1nnnn1-c1cccc2ccccc12)N1CCCc2ccccc21,0.749792218208313,0.9669960141181946,0.5735076069831848,0.9662908911705017,0.985811710357666,0.4244452119,0.6972662806510925,0.8493390679359436,0.6194915175437927,0.6738193035125732,0.7883233428001404,0.3631857931613922,0.9365023970603943,0.9640223383903503,0.09127303957939148
NVIC0006,COc1ccc2c(c1)CC[C@@H]1[C@@H]2CC[C@]2(C)[C@@H](NCCCCCCN3C(=O)C=CC3=O)CC[C@@H]12,0.08005084097385406,0.08999080210924149,0.5017587542533875,0.058410774916410446,0.04426564276218414,0.1813496947,0.6437523365020752,0.9059284925460815,0.3881429135799408,0.3741379380226135,0.6371684670448303,0.5824511051177979,0.0855584517121315,0.22408324480056763,0.5682615041732788
NVIC0007,CC(C)C[C@@H]1N[C@@H]2N(C1=O)c1ccccc1[C@]21C[C@@H]2C(=O)N[C@](C)(O1)c1nc3ccccc3c(=O)n12,0.06626443564891815,0.007883342914283276,0.2376481294631958,0.04345811530947685,0.02703206054866314,0.01600189134,0.28387346863746643,0.5518697500228882,0.10865743458271027,0.08937916904687881,0.18561099469661713,0.07518049329519272,0.08538652211427689,0.1223967894911766,0.462461918592453
NVIC0008,COc1ccccc1-c1cc2ccc(Cl)cc2[nH]c1=O,0.9860767126083374,0.39064741134643555,0.5343321561813354,0.5608309507369995,0.8465601205825806,0.1799244285,0.8699681758880615,0.6419798135757446,0.6597965359687805,0.468864768743515,0.7485011219978333,0.32028788328170776,0.30001699924468994,0.6530760526657104,0.2699107527732849
NVIC0009,N/C(=N\Cc1ccccc1)NC(=O)c1nc(Cl)c(N)nc1N,0.30945515632629395,0.029915213584899902,0.15299473702907562,0.059768229722976685,0.10989908874034882,0.1254939288,0.3562299311161041,0.224177286028862,0.3071373701095581,0.08023747056722641,0.33833375573158264,0.1526363641023636,0.09650351852178574,0.2381492406129837,0.8124536871910095
NVIC0010,CC(C)[C@@]1(O)[C@@H](OC(=O)c2ccc[nH]2)[C@@]2(O)[C@@]3(C)C[C@]4(O)O[C@@]5([C@H](O)[C@@H](C)CC[C@]35O)[C@@]2(O)[C@]41C,0.01226121187210083,0.02491888403892517,0.1316578984260559,0.015076005831360817,0.032932259142398834,0.04592307284,0.1844235509634018,0.3805798292160034,0.14568336308002472,0.07357235997915268,0.14731788635253906,0.1281237006187439,0.05979281663894653,0.07210245728492737,0.6337705254554749
NVIC0011,Cc1coc2c1C(=O)C(=O)c1c-2ccc2c(C)cccc12,0.9739531874656677,0.502550482749939,0.5614707469940186,0.7007699608802795,0.8448871970176697,0.2584557533,0.5523537397384644,0.34609711170196533,0.49939587712287903,0.3053502142429352,0.3141687214374542,0.2617173194885254,0.6306641101837158,0.8637407422065735,0.4707871675491333
NVIC0012,OC[C@H]1O[C@@H](OC[C@H]2O[C@H](O[C@]3(CO)O[C@H](CO)[C@@H](O)[C@@H]3O)[C@H](O)[C@@H](O)[C@@H]2O)[C@H](O)[C@@H](O)[C@@H]1O,0.0026471347082406282,0.005912643391638994,0.06866700947284698,0.010985144414007664,0.019572846591472626,0.008347754367,0.009994769468903542,0.029297344386577606,0.034141529351472855,0.02486378140747547,0.011665433645248413,0.01488469447940588,0.06635187566280365,0.07042346149682999,0.7617163062095642
NVIC0013,COc1ccc2sc(NC(c3ccc(OC(F)F)cc3)c3ccc4cccnc4c3O)nc2c1,0.7418311238288879,0.6934256553649902,0.6986010074615479,0.9282982349395752,0.8917718529701233,0.1670776159,0.42731618881225586,0.5171192288398743,0.42974644899368286,0.3961084187030792,0.39613160490989685,0.18359877169132233,0.5568219423294067,0.7318728566169739,0.5740590691566467
NVIC0014,CNc1ccc2oc(C[C@H]3O[C@@]4(CC[C@H]3C)O[C@H]([C@H](C)C(=O)c3ccc[nH]3)[C@H](C)C[C@H]4C)nc2c1C(=O)O,0.02952856570482254,0.0410475917160511,0.3048946261405945,0.2259359061717987,0.0878048986196518,0.03900514171,0.23524945974349976,0.5822440981864929,0.11067024618387222,0.34239673614501953,0.23307034373283386,0.08925491571426392,0.03915856406092644,0.04668980464339256,0.5607250928878784
NVIC0015,CCC(CC)COC(=O)[C@H](C)N[P@](=O)(OC[C@H]1O[C@@](C#N)(c2ccc3c(N)ncnn23)[C@H](O)[C@@H]1O)Oc1ccccc1,0.005264611449092627,0.34315282106399536,0.24616095423698425,0.10621629655361176,0.1323617696762085,0.07776834071,0.16854290664196014,0.6202085018157959,0.2533855140209198,0.22620554268360138,0.297204852104187,0.18090996146202087,0.7956474423408508,0.7735586166381836,0.42287376523017883
NVIC0016,CCN(CC)c1ccc(C(=C2C=CC(=[N+](CC)CC)C=C2)c2ccccc2)cc1,0.6732956171035767,0.6188384890556335,0.7674704194068909,0.5777872204780579,0.8680816292762756,0.7752525806,0.336435467004776,0.33421894907951355,0.2327510416507721,0.17126281559467316,0.11172179877758026,0.37759730219841003,0.5073224902153015,0.7014776468276978,0.5890345573425293
NVIC0017,NC(=O)c1[nH]nc([C@@H]2O[C@H](CO)[C@@H](O)[C@H]2O)c1O,0.005316749680787325,0.008118133060634136,0.03457937017083168,0.003186017507687211,0.008500203490257263,0.004077080637,0.010003507137298584,0.018198061734437943,0.026880597695708275,0.016740934923291206,0.012692860327661037,0.007158249616622925,0.011850244365632534,0.03575273975729942,0.8540152907371521
NVIC0018,Nc1nc2c(c(=O)[nH]1)NC(CNc1ccc(C(=O)N[C@@H](CCC(=O)O)C(=O)O)cc1)CN2,0.009235351346433163,0.008412154391407967,0.05552361533045769,0.007331692148000002,0.01574639603495598,0.01885790937,0.01901174709200859,0.049676090478897095,0.0262361541390419,0.018510213121771812,0.010494873858988285,0.015913119539618492,0.033218011260032654,0.03028988279402256,0.7778688073158264
NVIC0019,Oc1ccc(/C=N\Nc2nc(Nc3ccccc3)nc(N3CCOCC3)n2)cc1,0.9265658259391785,0.6109054088592529,0.4459959864616394,0.8724710941314697,0.7770415544509888,0.1534067988,0.33137547969818115,0.21508418023586273,0.1818091720342636,0.26664161682128906,0.23660247027873993,0.07311007380485535,0.5305328369140625,0.7634641528129578,0.7807549834251404
NVIC0020,COc1cc(/C=N\Nc2cc(N3CCOCC3)nc(N3CCOCC3)n2)ccc1O,0.6054742932319641,0.14888228476047516,0.27587705850601196,0.5031689405441284,0.19398564100265503,0.05477360263,0.03476623073220253,0.059345223009586334,0.061462827026844025,0.040665071457624435,0.01627151481807232,0.0158774945884943,0.49618154764175415,0.37931200861930847,0.9415050148963928
NVIC0021,COc1ccc(/C=C2/SC(=N)NC2=O)cc1O,0.2893541157245636,0.013639773242175579,0.14928372204303741,0.06005929782986641,0.04132412001490593,0.01857621595,0.1077948734164238,0.0803912878036499,0.14362910389900208,0.05865342915058136,0.07705412060022354,0.04442404583096504,0.03812591731548309,0.07606934756040573,0.954909086227417
NVIC0022,C[C@@H]1N[C@@H]2N(C1=O)c1ccccc1[C@@]21C[C@H]2n3c(nc4ccccc4c3=O)C(=O)C(C)(C)[C@@]2(O)O1,0.06309127807617188,0.006515331566333771,0.11324910074472427,0.030077286064624786,0.009653558023273945,0.01093454286,0.30622419714927673,0.6243114471435547,0.11580343544483185,0.08587504923343658,0.23395003378391266,0.07156706601381302,0.07535547018051147,0.09026409685611725,0.6458396911621094
NVIC0023,CC1(C)C=Cc2cc3c(cc2O1)NC(=O)[C@]31C[C@@]23NC(=O)[C@]4(CCCN4C2=O)C[C@@H]3C1(C)C,0.07196243852376938,0.1925167739391327,0.21296192705631256,0.06871673464775085,0.11836071312427521,0.1186216474,0.32255640625953674,0.7036665678024292,0.2581130266189575,0.19780121743679047,0.36724257469177246,0.11782608181238174,0.28034690022468567,0.40754184126853943,0.6212682127952576
NVIC0024,O=C(O)[C@H]1O[C@@H](Oc2c(O)cc(O)c3c(=O)c(O[C@@H]4O[C@H](CO)[C@@H](O)[C@H](O)[C@H]4O)c(-c4ccc(O)c(O)c4)oc23)[C@H](O)[C@@H](O)[C@@H]1O,0.06454857438802719,0.006752814166247845,0.058628980070352554,0.010100483894348145,0.016434233635663986,0.04034531116,0.03882793337106705,0.07052529603242874,0.025374913588166237,0.014808624982833862,0.010486334562301636,0.03467616066336632,0.06678271293640137,0.08052440732717514,0.8603492379188538
NVIC0025,CN(C(=O)COc1cccc2c1OC(C)(C)C2)c1nc2c(s1)CCCC2,0.9161070585250854,0.6346379518508911,0.6238641738891602,0.897162139415741,0.9668231010437012,0.4949000776,0.8257347345352173,0.8022857904434204,0.8236949443817139,0.5715546011924744,0.8446643948554993,0.5385323166847229,0.845730185508728,0.9450518488883972,0.15164950489997864
NVIC0026,O=C(O)c1cc(-c2ccc(/C=C3\SC(=S)N(CCc4ccc(OCC5CC5)cc4)C3=O)o2)ccc1Cl,0.5284845232963562,0.09371525794267654,0.6067379117012024,0.7447065114974976,0.36430615186691284,0.07185104489,0.5670170783996582,0.7364936470985413,0.46361109614372253,0.7965323328971863,0.616252601146698,0.2589351534843445,0.14554601907730103,0.17349611222743988,0.6245402097702026
NVIC0027,C[C@@H]1C[C@@]23C[C@H]4C(C)(C)[C@@]5(C[C@]4(C[N+]2([O-])C1)N(C)C3=O)C(=O)Nc1c5ccc2c1C(=O)CC(C)(C)O2,0.015997305512428284,0.17629671096801758,0.26283320784568787,0.0645880326628685,0.0947800949215889,0.2088603377,0.2845485210418701,0.8258633613586426,0.4435139298439026,0.18687032163143158,0.4129568338394165,0.2298169732093811,0.46787169575691223,0.5122695565223694,0.3705087900161743
NVIC0028,OC[C@H](O)[C@@H](O)[C@H](O[C@@H]1O[C@H](CO)[C@H](O)[C@H](O)[C@H]1O)[C@H](O)CO,0.0038443056400865316,0.005760285072028637,0.06644885241985321,0.01257991325110197,0.028515305370092392,0.008408468217,0.008813870139420033,0.02296719327569008,0.03561902791261673,0.023884687572717667,0.010800893418490887,0.012489394284784794,0.06250043213367462,0.08183888345956802,0.8089014291763306
NVIC0029,NCCOB(c1ccccc1)c1ccccc1,0.5369418859481812,0.031477246433496475,0.5370692014694214,0.016751078888773918,0.1289777010679245,0.8647424579,0.8096635341644287,0.5879822373390198,0.8555102348327637,0.2669312059879303,0.7698586583137512,0.8758068680763245,0.07434161007404327,0.3551986813545227,0.48793110251426697
NVIC0030,CC(C)C1=Cc2ccc3c(c2C(=O)C1=O)CCCC3(C)C,0.8951495885848999,0.28664976358413696,0.5800854563713074,0.7710244059562683,0.9100893139839172,0.1314067841,0.4194565713405609,0.3391820192337036,0.6612134575843811,0.2864549160003662,0.32535648345947266,0.15753920376300812,0.653667688369751,0.9019347429275513,0.3846873641014099
NVIC0031,NC(N)=NC(=O)c1nc(Cl)c(N)nc1N,0.07228688150644302,0.004133265465497971,0.03489026054739952,0.014259248971939087,0.017303727567195892,0.004106255714,0.04868391156196594,0.03869646415114403,0.0744517594575882,0.025998307392001152,0.041148170828819275,0.013886123895645142,0.019305342808365822,0.04120681807398796,0.8893234133720398
NVIC0032,CCCCN(CCCNC(=O)OC(C)(C)C)C(=O)c1ccc(OC)c(OC)c1,0.12878836691379547,0.7821213603019714,0.3943234980106354,0.5189646482467651,0.7745358347892761,0.492560178,0.3543279469013214,0.7096506953239441,0.8156777024269104,0.24165119230747223,0.5628468990325928,0.35015425086021423,0.9223002195358276,0.9667874574661255,0.09135742485523224
NVIC0033,CCOC(=O)C1=C(C)N=c2s/c(=C/c3cc(Br)ccc3OC(C)=O)c(=O)n2C1c1ccccc1,0.12548361718654633,0.5144458413124084,0.6003682613372803,0.9165297150611877,0.7683568596839905,0.03657222912,0.40177616477012634,0.8339787721633911,0.6434096693992615,0.4129815399646759,0.6764711737632751,0.20838387310504913,0.7609125375747681,0.7878425121307373,0.1492440551519394
NVIC0034,O=S(=O)(Nc1ccc(-n2cnnn2)cc1)C1=Cc2ccccc2CC1,0.8156765699386597,0.9227243661880493,0.4110325574874878,0.8701505661010742,0.8918479084968567,0.3880499601,0.38734862208366394,0.3205958902835846,0.12461502850055695,0.33967867493629456,0.344093918800354,0.09828756004571915,0.4349677860736847,0.7221212983131409,0.7458969354629517
NVIC0035,O=C1NC(=O)C(c2ccccc2)(c2ccccc2)N1,0.1289718598127365,0.10245455056428909,0.1253378540277481,0.15900658071041107,0.30897146463394165,0.02534764819,0.7781986594200134,0.7953017950057983,0.4520829916000366,0.8001166582107544,0.9202125668525696,0.23871980607509613,0.0988147035241127,0.28449347615242004,0.5262773036956787
NVIC0036,C[C@@H]1CN(C2=NC(=O)/C(=C/c3cn(-c4ccccc4)nc3-c3cc4ccccc4o3)S2)C[C@@H](C)O1,0.7789724469184875,0.40945300459861755,0.7253544330596924,0.8616726994514465,0.6729080677032471,0.02268539928,0.6903936862945557,0.7646679282188416,0.6116542220115662,0.4529677629470825,0.6563554406166077,0.2943105697631836,0.3304736018180847,0.5439167022705078,0.19028514623641968
NVIC0037,CCN(c1nc(N)c(C(=O)N=C(N)N)nc1Cl)C(C)C,0.5792560577392578,0.048249077051877975,0.10074326395988464,0.1058901846408844,0.12368853390216827,0.08047812432,0.33980971574783325,0.17147715389728546,0.22633038461208344,0.09515927731990814,0.3043704330921173,0.08366724103689194,0.10324101150035858,0.2694804072380066,0.7453135251998901
NVIC0038,CSC[C@H]1O[C@@H](n2ccc3c(N)ncnc32)[C@H](O)[C@@H]1O,0.051075708121061325,0.013676876202225685,0.06657234579324722,0.003128436394035816,0.0037300558760762215,0.004218778107,0.18768639862537384,0.15503141283988953,0.22777307033538818,0.06655567139387131,0.16718116402626038,0.04499465599656105,0.04930134862661362,0.05086073651909828,0.5978063941001892
NVIC0039,Nc1ncnc2nc[nH]c12,0.4730682075023651,0.04603426903486252,0.10999482125043869,0.010513657703995705,0.01634790189564228,0.008412881754,0.0981111079454422,0.02629840560257435,0.0969618484377861,0.02771134115755558,0.0435243658721447,0.024920299649238586,0.03582504764199257,0.05901795253157616,0.8223586082458496
NVIC0040,NC(=O)c1c(/N=c2\oc3cc(O)ccc3cc2C(N)=O)sc2c1CCCC2,0.9124715328216553,0.9050576090812683,0.4255828857421875,0.8284766674041748,0.8421583771705627,0.3371846676,0.27702218294143677,0.16302786767482758,0.10579309612512589,0.14812619984149933,0.13731162250041962,0.09278257936239243,0.4936436414718628,0.7814112901687622,0.8709391355514526
NVIC0041,Cc1ccc(Cn2c(CO)cnc2SCC(=O)N2CCCc3ccccc32)cc1,0.7530564069747925,0.9789925217628479,0.4756290018558502,0.9611908793449402,0.9833901524543762,0.4372198284,0.41509324312210083,0.6591174602508545,0.3736940622329712,0.4610755741596222,0.4630918502807617,0.1695958524942398,0.8661000728607178,0.945033073425293,0.31833621859550476
NVIC0042,Cn1c(=O)c2c(SCC(=O)NCCc3ccccc3)nc(-c3ccco3)nc2n(C)c1=O,0.5089669227600098,0.8265517354011536,0.19641780853271484,0.772415816783905,0.8534144759178162,0.1018037722,0.5413711071014404,0.622969925403595,0.36465391516685486,0.5177545547485352,0.6903616786003113,0.15554708242416382,0.75657057762146,0.89827561378479,0.36365389823913574
NVIC0043,O=C(NCC1CCCO1)C(=O)Nc1c2c(nn1-c1ccc(F)cc1)CSC2,0.37988173961639404,0.17834527790546417,0.11871634423732758,0.18049408495426178,0.27548888325691223,0.0411532186,0.5147709250450134,0.39701175689697266,0.3218020498752594,0.3034827411174774,0.5275649428367615,0.1242208182811737,0.057268328964710236,0.2571471631526947,0.5246020555496216
NVIC0044,O=C(O)c1cc(-c2ccc(/C=C3\SC(=S)N(CCc4ccccc4)C3=O)o2)ccc1Cl,0.7336376309394836,0.18839579820632935,0.6296970844268799,0.85336834192276,0.5726757645606995,0.09143334627,0.5998562574386597,0.6758923530578613,0.44928407669067383,0.8140883445739746,0.6360920667648315,0.2321564108133316,0.16192983090877533,0.24214886128902435,0.5599769353866577
NVIC0045,O=C(Nc1cccc(-c2ccccc2)c1)N1CCN(C(=O)Nc2cccc(-c3ccccc3)c2)CC1,0.5600998997688293,0.4605270028114319,0.559619665145874,0.6550474762916565,0.7149877548217773,0.2445170432,0.397729754447937,0.5446968078613281,0.16966968774795532,0.2927909791469574,0.20229166746139526,0.289470911026001,0.6555987596511841,0.7159414291381836,0.5807938575744629
NVIC0046,Cn1c(=O)cc(-c2cccc(Cl)c2)c2cc(Cn3cncc3C(O)c3ccc(C#N)cc3)ccc21,0.5569561123847961,0.9440378546714783,0.4892529547214508,0.9453964829444885,0.9347729682922363,0.3342682123,0.6928005814552307,0.8521104454994202,0.3584824204444885,0.5306359529495239,0.7344286441802979,0.3190017342567444,0.8135783076286316,0.8384305834770203,0.2666347026824951
NVIC0047,CN1CCC[C@@H]1CCOC(COC(=O)/C=C/C(=O)O)(c1ccccc1)c1ccc(Cl)cc1,0.19444401562213898,0.11269349604845047,0.18504926562309265,0.09061266481876373,0.109257273375988,0.5390586257,0.32074183225631714,0.39859849214553833,0.19812871515750885,0.25066885352134705,0.3629090487957001,0.3034314811229706,0.04589180275797844,0.1541118323802948,0.9097512364387512
NVIC0048,CC(C)(C)c1cc(O)c(C(C)(C)C)cc1O,0.8657477498054504,0.20610103011131287,0.7285086512565613,0.8021323084831238,0.8771034479141235,0.496521771,0.2877649664878845,0.2402338683605194,0.5488660335540771,0.19127780199050903,0.1505996584892273,0.18818584084510803,0.49267178773880005,0.782234251499176,0.8441934585571289
NVIC0049,[Fe],0.06420537084341049,0.005137319676578045,0.5721958875656128,0.036120448261499405,0.05322406813502312,0.05998457223,0.4121888279914856,0.10657437145709991,0.71232670545578,0.18845820426940918,0.2213105857372284,0.3595842719078064,0.10932460427284241,0.28719156980514526,0.08817585557699203
NVIC0050,Cc1cccc(Cc2nn(C(C)(C)C)c3ncnc(N)c23)c1,0.7800008654594421,0.37216705083847046,0.3537413775920868,0.43418461084365845,0.7130761742591858,0.09014288336,0.44405531883239746,0.4210506081581116,0.7901657223701477,0.17626211047172546,0.41207557916641235,0.1669996976852417,0.6707403063774109,0.9004287719726562,0.24613425135612488
NVIC0051,Cn1c(=O)c2c(ncn2C)n(C)c1=O,0.22271952033042908,0.031889475882053375,0.11892114579677582,0.019529171288013458,0.02498452365398407,0.02554489672,0.787508487701416,0.5527862906455994,0.724334180355072,0.39869585633277893,0.8249525427818298,0.5122107267379761,0.045232802629470825,0.06035618856549263,0.12928269803524017
NVIC0052,COc1ccc(CCN(C)CCCC(C#N)(c2ccc(OC)c(OC)c2)C(C)C)cc1OC,0.03843973949551582,0.5644915103912354,0.40064510703086853,0.10957206785678864,0.14767324924468994,0.7579885721,0.6108002662658691,0.895735502243042,0.7906614542007446,0.40691477060317993,0.7767046093940735,0.7418192028999329,0.7094380259513855,0.8105060458183289,0.22119729220867157
NVIC0053,CN(C)S(=O)(=O)c1ccc2c(c1)CCN2S(=O)(=O)c1cccs1,0.6177914142608643,0.5974258184432983,0.42332878708839417,0.7585465312004089,0.8708544373512268,0.1375558972,0.7066007256507874,0.6983147263526917,0.6827498078346252,0.5816899538040161,0.7722069025039673,0.25924357771873474,0.7054130434989929,0.7755855321884155,0.10846547782421112
NVIC0054,CCN(CC)CCCC(C)Nc1ccnc2cc(Cl)ccc12,0.5765530467033386,0.15356001257896423,0.6164131164550781,0.026394154876470566,0.0775049552321434,0.8855752349,0.764559268951416,0.6049550771713257,0.8348348140716553,0.20912830531597137,0.6616932153701782,0.7662366032600403,0.2203843593597412,0.5793419480323792,0.34256160259246826
NVIC0056,CCCCCCCCCCCCCC(=O)O[C@@H]1[C@@H](C)[C@@]2(O)[C@@H](C=C(CO)C[C@]3(O)C(=O)C(C)=C[C@@H]23)[C@@H]2C(C)(C)[C@]12OC(C)=O,0.021279791370034218,0.03220508247613907,0.5324562788009644,0.14948350191116333,0.06290199607610703,0.1252724379,0.5081628561019897,0.9218628406524658,0.7759145498275757,0.3898696005344391,0.7130097150802612,0.49804145097732544,0.5239728093147278,0.5679332613945007,0.1092366948723793
NVIC0057,Clc1ccccc1C(c1ccccc1)(c1ccccc1)n1ccnc1,0.9728887677192688,0.9198920726776123,0.8079633116722107,0.9358140230178833,0.98809415102005,0.8387557268,0.6537384390830994,0.5818513035774231,0.6697795987129211,0.537261426448822,0.534972071647644,0.32453885674476624,0.6830206513404846,0.9147745370864868,0.3754214644432068
NVIC0058,COc1cccc2c1C(=O)c1c(O)c3c(c(O)c1C2=O)C[C@@](O)(C(=O)CO)C[C@@H]3O[C@H]1C[C@H](N)[C@H](O)[C@H](C)O1,0.31358155608177185,0.032572317868471146,0.2894536256790161,0.08814747631549835,0.10531441867351532,0.1493422389,0.31928887963294983,0.6369270086288452,0.17270387709140778,0.10294773429632187,0.1551152467727661,0.16929498314857483,0.2317899465560913,0.3890414535999298,0.6982196569442749
NVIC0059,O=C(O)c1ccc2c(=O)c(C(=O)O)c[nH]c2c1,0.07501047849655151,0.0031584168318659067,0.09285113215446472,0.016959112137556076,0.01627717725932598,0.02087411098,0.006574316415935755,0.009262703359127045,0.043077826499938965,0.018105730414390564,0.0041978321969509125,0.004628232680261135,0.015597084537148476,0.04241742193698883,0.9218413829803467
NVIC0060,Cc1cc(-c2ccc(N3C(=O)CC4(CCCC4)C3=O)c(C)c2)ccc1N1C(=O)CC2(CCCC2)C1=O,0.14709769189357758,0.20216797292232513,0.45871883630752563,0.5116176009178162,0.46181759238243103,0.1085563675,0.4281282126903534,0.8095434904098511,0.4918261170387268,0.5418777465820312,0.652493953704834,0.17073552310466766,0.43849870562553406,0.6399143934249878,0.4394311010837555
NVIC0061,NCC1(CC(=O)O)CCCCC1,0.014314030297100544,0.007824631407856941,0.03890067711472511,0.009914386086165905,0.03288877010345459,0.03479345143,0.009258408099412918,0.014536398462951183,0.05831548571586609,0.014465706422924995,0.012694940902292728,0.014818437397480011,0.011255317367613316,0.030221523717045784,0.8946638703346252
NVIC0062,CN(C)c1ccc(C(=C2C=CC(=[N+](C)C)C=C2)c2ccc(N(C)C)cc2)cc1,0.7723245620727539,0.6166843771934509,0.6052749156951904,0.28314581513404846,0.7735115885734558,0.632609427,0.36956897377967834,0.2578757703304291,0.18185563385486603,0.16779281198978424,0.09886466711759567,0.24919089674949646,0.47392547130584717,0.7142451405525208,0.6104885935783386
NVIC0063,Cc1cc(=O)c2c(O)c3c(O)cc(O)c4c5c(O)cc(O)c6c(O)c7c(=O)cc(C)c8c1c2c(c34)c(c65)c78,0.7103717923164368,0.1361442357301712,0.36548757553100586,0.32998329401016235,0.24807427823543549,0.3955492675,0.05789315700531006,0.055469974875450134,0.04080931842327118,0.03411814570426941,0.008777668699622154,0.01882752776145935,0.18896877765655518,0.23229491710662842,0.9513582587242126
NVIC0064,CC(=O)N(CC(O)CN(C(C)=O)c1c(I)c(C(=O)NCC(O)CO)c(I)c(C(=O)NCC(O)CO)c1I)c1c(I)c(C(=O)NCC(O)CO)c(I)c(C(=O)NCC(O)CO)c1I,0.002928776666522026,0.04089305177330971,0.04773033410310745,0.03290119767189026,0.05501525476574898,0.02675534226,0.010345708578824997,0.048469219356775284,0.02445838786661625,0.0276456568390131,0.014993755146861076,0.01448406558483839,0.17715002596378326,0.25743368268013,0.8943527936935425
NVIC0065,NC(=O)c1ncn([C@@H]2O[C@H](CO)[C@@H](O)[C@H]2O)n1,0.008376733399927616,0.005535429809242487,0.10997539013624191,0.0031754919327795506,0.006058713421225548,0.01299173851,0.07174087315797806,0.08772875368595123,0.11754284799098969,0.06329198181629181,0.07557131350040436,0.049799345433712006,0.03522883728146553,0.05182654410600662,0.6004239916801453
NVIC0066,CC(C)C[C@H](NC(=O)[C@H](Cc1ccccc1)NC(=O)c1cnccn1)B(O)O,0.01252034306526184,0.01997143216431141,0.10219291597604752,0.022838640958070755,0.022660398855805397,0.01601491682,0.3083728849887848,0.5492802858352661,0.2027001529932022,0.2840239703655243,0.40958940982818604,0.1771007925271988,0.2392217367887497,0.29547715187072754,0.5369741320610046
NVIC0067,O=C(Nc1cccc2ccccc12)c1c(NC(=O)C(F)(F)F)sc2c1CCCC2,0.9070191979408264,0.7335063815116882,0.6833656430244446,0.9245954751968384,0.9382637739181519,0.2810340524,0.6131758689880371,0.5040395855903625,0.4002063274383545,0.586097002029419,0.5685383081436157,0.27097630500793457,0.374106228351593,0.6993891596794128,0.6076080799102783
NVIC0068,NC(=O)C1=CN([C@@H]2O[C@H](COP(=O)(O)OP(=O)(O)OC[C@H]3O[C@@H](n4cnc5c(N)ncnc54)[C@H](O)[C@@H]3O)[C@@H](O)[C@H]2O)C=CC1,0.003993436694145203,0.014549287967383862,0.09799899160861969,0.006047129165381193,0.016514912247657776,0.04533264786,0.033052582293748856,0.11462973803281784,0.04017164558172226,0.019657237455248833,0.01867205649614334,0.02910626120865345,0.11177411675453186,0.07793397456407547,0.5808968544006348
NVIC0069,CSC[C@H]1O[C@@H](n2cnc3c(N)ncnc32)[C@H](O)[C@@H]1O,0.060775429010391235,0.007667485624551773,0.07722313702106476,0.0025209756568074226,0.0032808149699121714,0.004070518538,0.2656603157520294,0.1682833433151245,0.20214733481407166,0.08472704887390137,0.20150116086006165,0.06075887009501457,0.026225097477436066,0.03209717199206352,0.49406376481056213
NVIC0070,NC(N)=NCCC[C@H](N)C(=O)N1CCC[C@H]1C(=O)N1CCC[C@H]1C(=O)NCC(=O)N[C@@H](Cc1ccccc1)C(=O)N[C@@H](CO)C(=O)N1CCC[C@H]1C(=O)N[C@@H](Cc1ccccc1)C(=O)N[C@@H](CCCN=C(N)N)C(=O)O,0.004023607354611158,0.020319906994700432,0.055444322526454926,0.04364567995071411,0.05550346523523331,0.04059049487,0.023261742666363716,0.10155872255563736,0.031042523682117462,0.06821485608816147,0.03369893506169319,0.03201946243643761,0.05144307762384415,0.09244483709335327,0.8464059233665466
NVIC0071,O=C1C[C@@H](c2ccc(O)cc2)Oc2cc(O)cc(O)c21,0.9689563512802124,0.239878311753273,0.3951169550418854,0.5568683743476868,0.5784948468208313,0.4754756689,0.23180580139160156,0.10244369506835938,0.15241900086402893,0.10332666337490082,0.05727902799844742,0.055725570768117905,0.5176005959510803,0.7315088510513306,0.9543741345405579
NVIC0072,CC[C@@]1([C@@H]2O[C@@H]([C@H]3O[C@@](O)(CO)[C@H](C)C[C@@H]3C)C[C@@H]2C)CC[C@H]([C@]2(C)CC[C@]3(C[C@H](O)[C@@H](C)[C@@H]([C@@H](C)[C@@H](OC)[C@H](C)C(=O)O)O3)O2)O1,0.01075863465666771,0.006111895199865103,0.4215410649776459,0.042872197926044464,0.022194966673851013,0.04465060309,0.366681307554245,0.8414035439491272,0.286749005317688,0.266329288482666,0.3803580403327942,0.19456835091114044,0.034899190068244934,0.04001106694340706,0.4257334768772125
NVIC0073,CCn1cc(C(=O)NCc2ccc(Cl)cc2)c(=O)c2ccc(C(F)(F)F)cc21,0.6364173889160156,0.8802950382232666,0.5985893607139587,0.9486678838729858,0.9603977799415588,0.2979834378,0.7481303811073303,0.842491090297699,0.6556267738342285,0.6550607085227966,0.85699462890625,0.45332664251327515,0.7654516696929932,0.8465091586112976,0.1444627046585083
NVIC0074,NC(=O)C1CCN(c2cc3c(cc2F)c(=O)c(C(=O)NCc2ccc(Cl)cc2Cl)cn3C2CC2)CC1,0.21861255168914795,0.7617244124412537,0.5910415649414062,0.869825005531311,0.8106065392494202,0.3447505534,0.7073676586151123,0.8900348544120789,0.42447903752326965,0.5361488461494446,0.802350640296936,0.5600937604904175,0.5986034870147705,0.7406798005104065,0.2965675890445709
NVIC0075,CCOC(=O)C1CCN(c2cc3c(cc2F)c(=O)c(C(=O)NCc2ccc(Cl)cc2Cl)cn3CC)CC1,0.2523631751537323,0.8507012724876404,0.5805251002311707,0.9165476560592651,0.8690032362937927,0.3693068326,0.5293245911598206,0.8340455293655396,0.3896615207195282,0.40724459290504456,0.6396865844726562,0.3811626732349396,0.7146564722061157,0.8407558798789978,0.3047671914100647
NVIC0076,CCOC(=O)N1CCN(c2cc3c(cc2F)c(=O)c(C(=O)NCc2ccc(Cl)cc2Cl)cn3CC)CC1,0.19869539141654968,0.817062258720398,0.5332525968551636,0.9305797815322876,0.870326578617096,0.2872286439,0.5329417586326599,0.8494898080825806,0.35479798913002014,0.4951445460319519,0.6551774740219116,0.35660457611083984,0.6928228139877319,0.8349632620811462,0.32944154739379883
NVIC0077,CCOC(=O)N1CCN(c2cc3c(cc2F)c(=O)c(C(=O)NCc2ccc(Cl)cc2Cl)cn3C2CC2)CC1,0.1974341869354248,0.8055216073989868,0.5874797701835632,0.9315808415412903,0.8721309304237366,0.3137179613,0.6232635974884033,0.8922318816184998,0.42952218651771545,0.535910427570343,0.743895947933197,0.4252021908760071,0.7268569469451904,0.838505208492279,0.24015064537525177
NVIC0078,N#C[C@@]1(c2ccc3c(N)ncnn23)O[C@H](CO)[C@@H](O)[C@H]1O,0.015884730964899063,0.009686551056802273,0.1372266411781311,0.005590948276221752,0.011682307347655296,0.01863873936,0.09133309870958328,0.10404772311449051,0.11984087526798248,0.06509000062942505,0.07600481063127518,0.04654894769191742,0.045271825045347214,0.08985575288534164,0.5516352653503418
NVIC0079,CCCCCCCC/C=C\CCCCCCCC(=O)O,0.4467999339103699,0.005859335884451866,0.6235120892524719,0.18120558559894562,0.24901795387268066,0.04318149388,0.13287946581840515,0.213722363114357,0.7011579871177673,0.29655906558036804,0.138273686170578,0.035895369946956635,0.25206324458122253,0.387422114610672,0.3792210519313812
NVIC0080,C/C=C(/C)C(=O)O[C@H]1C(C)=C2[C@@H]3OC(=O)[C@@](C)(O)[C@@]3(O)[C@@H](OC(=O)CCC)C[C@](C)(OC(C)=O)[C@H]2[C@@H]1OC(=O)CCCCCCC,0.006557837128639221,0.06322158128023148,0.3016434907913208,0.12519773840904236,0.058049190789461136,0.05204950646,0.18835559487342834,0.8871030807495117,0.46212440729141235,0.13099558651447296,0.3333383798599243,0.15075957775115967,0.631060779094696,0.5968121886253357,0.17586083710193634
NVIC0081,Nc1ncnc2c([C@@H]3O[C@H](CO)[C@@H](O)[C@H]3O)[nH]nc12,0.009809543378651142,0.00834647100418806,0.04966438561677933,0.004059838596731424,0.006406012456864119,0.002913271077,0.02661077491939068,0.0249470267444849,0.035062678158283234,0.022208699956536293,0.02604059688746929,0.015248657204210758,0.012403038330376148,0.019365182146430016,0.6944215297698975
NVIC0082,C[C@@H](NC(=O)C(=O)c1ccc(C2CCCCC2)cc1)C(C)(C)C,0.544309139251709,0.5625160336494446,0.6252411603927612,0.861911952495575,0.9474220275878906,0.1769168079,0.415575236082077,0.6602413654327393,0.7577316164970398,0.32812294363975525,0.5602444410324097,0.19567231833934784,0.8461802005767822,0.9422864317893982,0.15025831758975983
NVIC0083,COC(=O)C1=C(C)NC(C)=C(C(=O)OC)C1c1ccccc1[N+](=O)[O-],0.5297894477844238,0.6479098200798035,0.4233529269695282,0.6904227137565613,0.7930037975311279,0.2260490209,0.8974148035049438,0.9265632629394531,0.7562698125839233,0.7906010150909424,0.9419657588005066,0.7075203657150269,0.8299615979194641,0.8942496180534363,0.10773815214633942
NVIC0084,CC/C(=C(\c1ccc(O)cc1)c1ccc(OCCN(C)C)cc1)c1ccccc1,0.5780084729194641,0.05124320462346077,0.747361421585083,0.22654446959495544,0.34813645482063293,0.4704611301,0.8446566462516785,0.8969597816467285,0.7763421535491943,0.6252694725990295,0.8068071603775024,0.6889982223510742,0.18501484394073486,0.3272377550601959,0.5937291383743286
NVIC0085,C#Cc1c(C(N)=O)ncn1[C@@H]1O[C@H](CO)[C@@H](O)[C@H]1O,0.009726440533995628,0.004063100088387728,0.07802768796682358,0.004054834600538015,0.00567593052983284,0.005014481489,0.12210065126419067,0.1294042468070984,0.09906382858753204,0.07658635079860687,0.12484262138605118,0.06344669312238693,0.038885314017534256,0.04618760198354721,0.5486278533935547
NVIC0086,[N-]=[N+]=N[C@]1(CO)O[C@@H](n2ccc(N)nc2=O)[C@H](O)[C@@H]1O,0.010401892475783825,0.009219699539244175,0.11395016312599182,0.00474681006744504,0.010197035036981106,0.009153425694,0.07012220472097397,0.06678956747055054,0.10876649618148804,0.042143553495407104,0.05952703580260277,0.034700434654951096,0.06297888606786728,0.08459159731864929,0.5069071650505066
NVIC0087,CCCCCCCCc1[nH]c2cccc3c2c1C[C@@H](CO)NC(=O)[C@H](C(C)C)N3C,0.10431670397520065,0.4418118894100189,0.6097854971885681,0.2810882329940796,0.28572118282318115,0.6696407795,0.37909308075904846,0.7229138016700745,0.6554918885231018,0.20372657477855682,0.35592275857925415,0.45162561535835266,0.9120293855667114,0.8696229457855225,0.16344033181667328
NVIC0088,CC(C)C[C@@H](C=O)NC(=O)[C@H](CC(C)C)NC(=O)[C@H](CC(C)C)NC(=O)OCc1ccccc1,0.04232276231050491,0.31401506066322327,0.4199512302875519,0.2791731357574463,0.45428770780563354,0.106808044,0.17057982087135315,0.6322529911994934,0.45377489924430847,0.26447129249572754,0.28529441356658936,0.12208342552185059,0.8555755615234375,0.8987473845481873,0.3339380919933319
NVIC0089,COc1ccc(P(=S)(S)N2CCOCC2)cc1,0.6764987707138062,0.07353335618972778,0.30021193623542786,0.21656717360019684,0.3923838138580322,0.04779313877,0.10827787220478058,0.08710778504610062,0.37408265471458435,0.08580633252859116,0.07285088300704956,0.041085947304964066,0.24626266956329346,0.4467275142669678,0.6003936529159546
NVIC0090,CC(COc1ccccc1)N(CCCl)Cc1ccccc1,0.8929583430290222,0.250923216342926,0.7790998220443726,0.22054162621498108,0.8075692653656006,0.9435271025,0.9317727088928223,0.8151458501815796,0.9556983709335327,0.5307357907295227,0.9080559611320496,0.9195699095726013,0.6853025555610657,0.9447912573814392,0.1057838574051857
NVIC0091,O=C(C1CCCCC1)N1CC(=O)N2CCc3ccccc3C2C1,0.19432461261749268,0.2128111571073532,0.17593058943748474,0.4675311744213104,0.776317834854126,0.0514088124,0.7085149884223938,0.8330466151237488,0.7894001603126526,0.5329864025115967,0.8656288385391235,0.38748669624328613,0.6773793697357178,0.8383821845054626,0.11507197469472885
NVIC0092,NC(=O)c1nc(F)c[nH]c1=O,0.2723277509212494,0.015188579447567463,0.036176569759845734,0.0250948965549469,0.013895326294004917,0.003687080229,0.21631744503974915,0.06652054935693741,0.0639708861708641,0.07874728739261627,0.15486128628253937,0.02882741577923298,0.016527589410543442,0.04922335967421532,0.7244446277618408
NVIC0093,CC(C)NCC(O)COc1cccc2ccccc12,0.6495291590690613,0.1197415217757225,0.5077505111694336,0.06973889470100403,0.2683976888656616,0.8853359818,0.9206904768943787,0.7776994705200195,0.8554569482803345,0.5322297811508179,0.9200900197029114,0.9432072639465332,0.1823771446943283,0.636458158493042,0.390062153339386
NVIC0094,O=C1CC(c2ccc3c(c2)OCO3)c2c([nH]c(SCc3cccc(F)c3)nc2=O)N1,0.5263543725013733,0.9116734266281128,0.5000213980674744,0.9021816849708557,0.8928980827331543,0.2341131121,0.6980333924293518,0.6720351576805115,0.3463937044143677,0.6060019135475159,0.749387800693512,0.36900898814201355,0.7604061961174011,0.7754240036010742,0.2726430594921112
NVIC0095,O=C(Nc1ccccc1F)N[C@H]1N=C(c2ccccc2)c2ccccc2NC1=O,0.8168191909790039,0.5785933136940002,0.3280590772628784,0.7374611496925354,0.7186957597732544,0.1297900826,0.532343327999115,0.4020964205265045,0.10101093351840973,0.40211522579193115,0.3893382251262665,0.16787077486515045,0.2106187790632248,0.5950271487236023,0.821344256401062
NVIC0096,C/C=C/CC(C)C(O)C1C(=O)NC(CC)C(=O)N(C)CC(=O)N(C)C(CC(C)C)C(=O)NC(C(C)C)C(=O)N(C)C(CC(C)C)C(=O)NC(C)C(=O)NC(C)C(=O)N(C)C(CC(C)C)C(=O)N(C)C(CC(C)C)C(=O)N(C)C(C(C)C)C(=O)N1C,0.0015163673087954521,0.1404087394475937,0.24932238459587097,0.025763312354683876,0.018619557842612267,0.02761214413,0.030302442610263824,0.3163890838623047,0.1441105604171753,0.026505574584007263,0.03704937919974327,0.017969399690628052,0.5052413940429688,0.4815281629562378,0.1655573695898056
NVIC0097,C=C1CC[C@H](O)C/C1=C/C=C1\CCC[C@@]2(C)[C@H]1CC[C@@H]2[C@H](C)CCCC(C)C,0.06790893524885178,0.005045234225690365,0.7583130598068237,0.07785411924123764,0.08678556233644485,0.05754615366,0.33897584676742554,0.5618860721588135,0.8207103610038757,0.35614392161369324,0.4474078416824341,0.1663941740989685,0.14106830954551697,0.21959200501441956,0.15673710405826569
NVIC0098,C[C@@H]1O[C@@H](OC[C@H]2O[C@@H](Oc3c(-c4ccc(O)c(O)c4)oc4cc(O)cc(O)c4c3=O)[C@H](O)[C@@H](O)[C@@H]2O)[C@H](O)[C@H](O)[C@H]1O,0.05033237487077713,0.008179936558008194,0.044057875871658325,0.00957188569009304,0.009386532008647919,0.01423782296,0.02466433309018612,0.047534920275211334,0.01538988295942545,0.009985903277993202,0.008457055315375328,0.016245530918240547,0.04079105332493782,0.05380365997552872,0.9177587032318115
NVIC0099,CC(=O)c1c(O)c(C)c(O)c(Cc2c(O)c3c(c(C(=O)/C=C/c4ccccc4)c2O)OC(C)(C)C=C3)c1O,0.6919268369674683,0.13332197070121765,0.5982849597930908,0.5820899605751038,0.5237680673599243,0.2831677496,0.0991978645324707,0.19814260303974152,0.1638791561126709,0.04442574083805084,0.02226363867521286,0.05408087745308876,0.5479543805122375,0.5492782592773438,0.9266069531440735
NVIC0100,C=C1CC[C@H](O)C/C1=C/C=C1\CCC[C@@]2(C)[C@H]1CC[C@@H]2[C@H](C)CCCC(C)(C)O,0.014452408067882061,0.025571078062057495,0.6463298797607422,0.09557139873504639,0.07179587334394455,0.03411015496,0.2826307713985443,0.6714834570884705,0.47461265325546265,0.3068665564060211,0.3659714460372925,0.145253986120224,0.09037617594003677,0.09012098610401154,0.24834686517715454
NVIC0101,C1CCC[C@@H]2CCCN3CC[C@H](CCCCCC[C@H]4CCCN5CC[C@H](CC1)O[C@H]45)O[C@H]23,0.08204401284456253,0.01131110917776823,0.6814837455749512,0.02112000063061714,0.0296449214220047,0.4211810827,0.7007827162742615,0.8174213171005249,0.9138779044151306,0.2888536751270294,0.7616967558860779,0.7938904166221619,0.32689622044563293,0.5860389471054077,0.11612861603498459
NVIC0102,COc1cc(Nc2c(C#N)cnc3cc(OCCCN4CCN(C)CC4)c(OC)cc23)c(Cl)cc1Cl,0.5656875371932983,0.4713076055049896,0.5499171018600464,0.24853254854679108,0.21784384548664093,0.4331667125,0.8988112211227417,0.9481990337371826,0.6593908071517944,0.5110474228858948,0.8994867205619812,0.7869107127189636,0.24485132098197937,0.5527104139328003,0.31518271565437317
NVIC0103,C/C=C1\CN2CCc3c([nH]c4ccccc34)C2CC1C(Cc1c[n+]2c(c3[nH]c4ccccc4c13)CC1C(C(=O)OC)=COC(C)C1C2)C(=O)OC,0.09397774189710617,0.6577338576316833,0.5471079349517822,0.6377311944961548,0.5165321826934814,0.516241014,0.16043232381343842,0.6306495070457458,0.24081338942050934,0.13547483086585999,0.10726888477802277,0.2681846618652344,0.7488284111022949,0.659773051738739,0.6817435622215271
NVIC0104,C/C(=N\NC(=O)c1ccncc1)C(=O)O,0.10615487396717072,0.013263531029224396,0.13175472617149353,0.016390889883041382,0.012050531804561615,0.01791091822,0.5490588545799255,0.352253258228302,0.20322410762310028,0.38711968064308167,0.47000932693481445,0.25476017594337463,0.02183344028890133,0.04216431826353073,0.5929611325263977
NVIC0105,O=C[C@H](O)[C@@H](O)[C@H](O)[C@H](O)CO[C@H]1O[C@H](CO[C@H]2O[C@H](CO)[C@H](O)[C@H](O)[C@H]2O)[C@H](O)[C@H](O)[C@H]1O,0.0034714362118393183,0.007332114968448877,0.05696902051568031,0.011547205038368702,0.018717637285590172,0.006555868313,0.009144226089119911,0.024834193289279938,0.02649891935288906,0.019972365349531174,0.010848448611795902,0.012885193340480328,0.04847076162695885,0.06568239629268646,0.8088826537132263
NVIC0106,N#C[C@@]1(c2ccc3c(N)ncnn23)O[C@H](COP(=O)(O)OP(=O)(O)OP(=O)(O)O)[C@@H](O)[C@H]1O,0.003197190584614873,0.006983343977481127,0.09946175664663315,0.007810377050191164,0.025283703580498695,0.05829450861,0.015274010598659515,0.08066444844007492,0.05505404621362686,0.013831252232193947,0.0119185084477067,0.014732635580003262,0.059284843504428864,0.058721937239170074,0.5142912864685059
NVIC0107,CC(=O)Nc1ccc(/C(C)=N\Nc2nc(Nc3ccccc3)nc(N3CCOCC3)n2)cc1,0.6933042407035828,0.7787462472915649,0.6405393481254578,0.9056851267814636,0.884598433971405,0.2942225635,0.5595406293869019,0.6176073551177979,0.3919309079647064,0.6552692651748657,0.6187222599983215,0.27654656767845154,0.46798861026763916,0.683356761932373,0.44955873489379883
NVIC0108,Cc1cccn2c(=O)c(-c3nn[nH]n3)cnc12,0.26254725456237793,0.04071345925331116,0.038654692471027374,0.036843374371528625,0.036212850362062454,0.01075326558,0.2586468458175659,0.16252949833869934,0.1042529046535492,0.21012119948863983,0.3218729496002197,0.05470438301563263,0.01604626514017582,0.05612991005182266,0.7869012951850891
NVIC0109,NC(=O)c1ccc[n+]([C@@H]2O[C@H](COP(=O)([O-])OP(=O)(O)OC[C@H]3O[C@@H](n4cnc5c(N)ncnc54)[C@H](OP(=O)(O)O)[C@@H]3O)[C@@H](O)[C@H]2O)c1,0.0020794025622308254,0.009767226874828339,0.07081717252731323,0.0027766991406679153,0.008545441552996635,0.04341018945,0.02168525569140911,0.13896381855010986,0.03934367373585701,0.014502222649753094,0.015500766225159168,0.024737084284424782,0.14141203463077545,0.0901852697134018,0.6280688643455505
NVIC0110,O=c1cnn([C@@H]2O[C@H](CO)[C@@H](O)[C@H]2O)c(=O)[nH]1,0.019218532368540764,0.013308355584740639,0.0675877258181572,0.005532965529710054,0.011258088052272797,0.009874022566,0.040774792432785034,0.04322164133191109,0.04743509367108345,0.03088243119418621,0.0325426384806633,0.021740073338150978,0.02479040063917637,0.05341045930981636,0.6969330906867981
NVIC0111,CCOC(=O)C1=C(COCCNc2ccccc2S(=O)(=O)O)NC(C)=C(C(=O)OC)C1c1ccccc1Cl,0.04906156659126282,0.6389452815055847,0.3078223466873169,0.8877856135368347,0.6735353469848633,0.09305484593,0.3116665482521057,0.7868980765342712,0.18683898448944092,0.6166717410087585,0.48513293266296387,0.2592756450176239,0.4950209856033325,0.5541304349899292,0.5028988718986511
NVIC0112,COCC(=O)O[C@]1(CCN(C)CCCc2nc3ccccc3[nH]2)CCc2cc(F)ccc2[C@@H]1C(C)C,0.1471085399389267,0.3934336304664612,0.5513941645622253,0.19467253983020782,0.24818100035190582,0.8159667253,0.7523289918899536,0.874821662902832,0.7630856037139893,0.4348396360874176,0.8130656480789185,0.8135820627212524,0.6422902941703796,0.7819737792015076,0.3216051161289215
NVIC0114,CN1C(=O)[C@]23CC4=CC=C[C@H](O)[C@H]4N2C(=O)[C@@]1(CO)SS3,0.0007372135296463966,0.007212761323899031,0.13793659210205078,0.01511269062757492,0.023473218083381653,0.003260539612,0.11804252862930298,0.43838703632354736,0.45606064796447754,0.23255681991577148,0.3140074610710144,0.14169129729270935,0.38109368085861206,0.28487110137939453,0.18652567267417908
NVIC0115,NC(=O)CC[C@@H]1NC(=O)[C@H](Cc2ccccc2)NC(=O)[C@H](Cc2ccc(O)cc2)NC(=O)[C@@H](N)CSSC[C@@H](C(=O)N2CCC[C@H]2C(=O)N[C@@H](CCCN=C(N)N)C(=O)NCC(N)=O)NC(=O)[C@H](CC(N)=O)NC1=O,0.002180138137191534,0.027491163462400436,0.07124753296375275,0.015219036489725113,0.02582395449280739,0.04709833488,0.04322407767176628,0.18241402506828308,0.041146013885736465,0.04956664517521858,0.0441225990653038,0.060934897512197495,0.1536562591791153,0.18246358633041382,0.7428719997406006
NVIC0116,Cl[La](Cl)Cl,0.7297985553741455,0.009290702641010284,0.6086317300796509,0.21912074089050293,0.43052908778190613,0.08309915662,0.6829708218574524,0.4191759526729584,0.9331495761871338,0.25913676619529724,0.45568111538887024,0.36489585041999817,0.182306170463562,0.39379072189331055,0.06019168719649315
NVIC0117,CCN(CCCC(C)Nc1ccnc2cc(Cl)ccc12)CCOP(=O)(O)OOP(=O)(O)O,0.005024631507694721,0.05200522392988205,0.16697384417057037,0.03726453334093094,0.07524165511131287,0.2059229165,0.0675865113735199,0.2695358097553253,0.0865442156791687,0.06746258586645126,0.05351636931300163,0.0919266864657402,0.3347306251525879,0.2947809100151062,0.5664685964584351
NVIC0118,C[C@H](CCCC(C)(C)O)[C@H]1CC[C@H]2[C@@H]3CC=C4C[C@@H](O)CC[C@]4(C)[C@H]3CC[C@@]21C,0.04035675898194313,0.0013705557212233543,0.6717631816864014,0.06049347668886185,0.06499214470386505,0.04792819917,0.4781412184238434,0.7848672866821289,0.9143487811088562,0.3153715133666992,0.6824747323989868,0.34728068113327026,0.20493827760219574,0.37340083718299866,0.1221991628408432
NVIC0120,O=c1[nH]c2cc(Cl)cc(Cl)c2c(O)c1SCCCc1cncnc1,0.9785330891609192,0.9531424045562744,0.5527063608169556,0.9483740329742432,0.9597393870353699,0.8114137053,0.2557547092437744,0.11992256343364716,0.18199734389781952,0.16718997061252594,0.13222302496433258,0.10736127197742462,0.6555334329605103,0.854995846748352,0.8709797263145447
NVIC0121,C[C@H](C[C@H](C)C(=O)/C=C(\O)[C@H](C)C[C@H](C)C/C=C/[C@@H](C)[C@@H](O)[C@@H](C)[C@@H](O)C[C@@H]1CC[C@@](C)([C@H]2CC[C@@](C)([C@@H](C)O)O2)O1)C[C@H](C)CCC(=O)O,0.006044095382094383,0.003949074074625969,0.33884477615356445,0.05814165994524956,0.011577199213206768,0.05027269572,0.07239234447479248,0.502944827079773,0.22694529592990875,0.10155491530895233,0.08876942843198776,0.05711045116186142,0.19502826035022736,0.14022359251976013,0.6490609645843506
NVIC0122,O=C1CN(/N=C/c2ccc(-c3ccc([N+](=O)[O-])cc3)o2)C(=O)N1,0.8820971250534058,0.23764720559120178,0.30455082654953003,0.41755273938179016,0.6501862406730652,0.03597542644,0.8172495365142822,0.7159398794174194,0.43586793541908264,0.6588289141654968,0.7442716360092163,0.20605625212192535,0.2511516213417053,0.5153998732566833,0.23839345574378967
NVIC0123,COc1ccc2cc1Oc1ccc(cc1)C[C@H]1c3cc(c(OC)cc3CCN1C)Oc1c(OC)c(OC)cc3c1[C@H](C2)N(C)CC3,0.05273253470659256,0.03411179035902023,0.6064321994781494,0.06964455544948578,0.048440124839544296,0.1612649858,0.6954774260520935,0.9422942996025085,0.7395499348640442,0.5324852466583252,0.7713028192520142,0.7604445219039917,0.1699749231338501,0.24281549453735352,0.27204790711402893
NVIC0124,C=CCc1cccc2cc(C(=O)Nc3ccccc3C(=O)O)c(=O)oc12,0.25532588362693787,0.14738230407238007,0.11789008975028992,0.4219152629375458,0.3337349593639374,0.05047012866,0.2534738779067993,0.4008334279060364,0.14719043672084808,0.4484885036945343,0.337875097990036,0.05348151922225952,0.1544201821088791,0.3670790195465088,0.8772502541542053
NVIC0125,CCNc1nc(NC(C)(C)C)nc(N(C#N)CC(=O)OC)n1,0.8841072916984558,0.418780654668808,0.35673263669013977,0.715984046459198,0.8627074956893921,0.1538672447,0.5932424068450928,0.5594869256019592,0.7252138257026672,0.42715007066726685,0.6118032336235046,0.13890652358531952,0.7156327962875366,0.9067568778991699,0.16493427753448486
NVIC0126,Cc1ccc(-n2c3c(cc(C(=O)N4CCOCC4)c2=O)C(=O)CC(C)(C)C3)cc1,0.2170601487159729,0.22576051950454712,0.21174994111061096,0.5161886811256409,0.7144557237625122,0.05504084751,0.6745799779891968,0.8382188081741333,0.7085655927658081,0.774863064289093,0.8706090450286865,0.2725549340248108,0.6463703513145447,0.7604772448539734,0.1519353836774826
NVIC0127,C(=N/Nc1nc(Nc2ccccc2)nc(N2CCOCC2)n1)\c1cccnc1,0.9285027980804443,0.6487992405891418,0.5492520332336426,0.7172593474388123,0.643680989742279,0.1126282364,0.7135915160179138,0.4310876131057739,0.40037640929222107,0.4006199240684509,0.5351700782775879,0.19851143658161163,0.46571868658065796,0.6787309050559998,0.35091203451156616
NVIC0128,O=S(=O)(Nc1ccc(-n2cnnn2)cc1)c1ccc(F)c(F)c1,0.288788765668869,0.7101978659629822,0.31412822008132935,0.6948437690734863,0.6650111675262451,0.0651037842,0.3473064601421356,0.5191760659217834,0.39934563636779785,0.4626290202140808,0.5239126682281494,0.05659131705760956,0.20649653673171997,0.38832855224609375,0.4247884750366211
NVIC0129,COC(=O)CN(C#N)c1nc(NC(C)C)nc(NC(C)C)n1,0.6855539083480835,0.21059760451316833,0.2246159464120865,0.4784877598285675,0.6512287259101868,0.08705058694,0.43193161487579346,0.4562654495239258,0.5826455354690552,0.31026938557624817,0.48399314284324646,0.1036524772644043,0.5776556730270386,0.8259889483451843,0.32234087586402893
NVIC0130,O=C(O)CCCc1c[nH]c2ccccc12,0.17668136954307556,0.004742295481264591,0.14996802806854248,0.035437874495983124,0.04813211038708687,0.01597794332,0.0217174980789423,0.025219449773430824,0.1333521604537964,0.04624906927347183,0.01761631667613983,0.007179593667387962,0.027485022321343422,0.09780135005712509,0.9003661870956421
NVIC0131,O=C(O)c1c[nH]c2cccc(C(=O)O)c2c1=O,0.07784473896026611,0.003928051330149174,0.09003617614507675,0.012132051400840282,0.018266454339027405,0.03051698394,0.006577655207365751,0.011690441519021988,0.0600697360932827,0.017016276717185974,0.003958438523113728,0.005846187472343445,0.021210582926869392,0.054132863879203796,0.8825126886367798
NVIC0132,Cc1ccc(NC(=O)N[C@@H](C(=O)N2CCc3ccccc32)c2ccccc2)cc1,0.43370142579078674,0.7918869853019714,0.3519218862056732,0.8178712129592896,0.9001599550247192,0.1522021294,0.5358597040176392,0.6835079193115234,0.34718209505081177,0.5219356417655945,0.6583238244056702,0.2030383199453354,0.8163561224937439,0.9150100350379944,0.4505798816680908
NVIC0133,OC[C@H]1O[C@H](OC[C@H]2O[C@H](OC[C@H]3O[C@H](OC4[C@@H](O)[C@@H](O)C(O)[C@@H](O)[C@@H]4O)[C@H](O)[C@@H](O)[C@H]3O)[C@H](O)[C@@H](O)[C@H]2O)[C@H](O)[C@@H](O)[C@H]1O,0.002087812405079603,0.005577869713306427,0.059392768889665604,0.008378472179174423,0.012341795489192009,0.004440366291,0.010380777530372143,0.038828738033771515,0.032423682510852814,0.024109823629260063,0.01341765932738781,0.01438318844884634,0.0645296722650528,0.06841713190078735,0.7381764650344849
NVIC0134,CCc1ccc(C2c3[nH]c4ccccc4c3CCN2C(=O)C2CCC2)cc1,0.6731765866279602,0.5623815655708313,0.6260407567024231,0.8980039954185486,0.8923584222793579,0.1510260701,0.4310572147369385,0.690412700176239,0.5838727951049805,0.5781700015068054,0.48376432061195374,0.1703466922044754,0.6919854283332825,0.8244878053665161,0.3571607768535614
NVIC0135,CC[C@]1(CC2CC(C(=O)OC)=C3Nc4ccccc4[C@]34NCC(Cc3ccccc3)[C@@H]24)COC(C)(C)O1,0.2834089398384094,0.474569171667099,0.6849043965339661,0.38875219225883484,0.518943727016449,0.8319633007,0.4141418933868408,0.7419326901435852,0.5704007744789124,0.20019212365150452,0.3520190715789795,0.542534589767456,0.7668060064315796,0.8536577820777893,0.4559456408023834
NVIC0136,Cc1ccc(S(=O)(=O)CC(=O)NC2NC(c3ccc(O)cc3)=CS2)cc1,0.1226269006729126,0.39454013109207153,0.07413607090711594,0.3281541168689728,0.2735782861709595,0.04411550984,0.37832221388816833,0.41318145394325256,0.10108032822608948,0.40810737013816833,0.5350602269172668,0.08462020754814148,0.17419752478599548,0.5157635807991028,0.8702278137207031
NVIC0137,O=C(c1nc(F)cnc1O)N1CCN(c2nnc(-c3ccccc3)o2)CC1,0.48538804054260254,0.22675563395023346,0.1060573011636734,0.38916251063346863,0.4847027063369751,0.04755723476,0.56228107213974,0.537352442741394,0.33387160301208496,0.535193681716919,0.5983954071998596,0.1447220742702484,0.24502725899219513,0.4547624886035919,0.5341182947158813
NVIC0138,O=C(c1nc(F)cnc1O)N1CCN(c2nnc(-c3ccc(Cl)cc3)o2)CC1,0.5927383303642273,0.4438008964061737,0.1435035765171051,0.5634484887123108,0.6063666343688965,0.06078187004,0.5624333620071411,0.5517631769180298,0.2880334258079529,0.5759495496749878,0.5673909783363342,0.13164082169532776,0.2651788294315338,0.473993718624115,0.6466036438941956
NVIC0139,O=C(c1nc(F)cnc1O)N1CCN(c2nnc(-c3ccc(O)cc3)o2)CC1,0.3254782557487488,0.15615305304527283,0.05967582017183304,0.24666236340999603,0.24970072507858276,0.055751618,0.3002013862133026,0.26994144916534424,0.0987858772277832,0.2164868265390396,0.2794942557811737,0.07369712740182877,0.09216971695423126,0.3142429292201996,0.8704696297645569
NVIC0140,CN(C(=O)CC(=O)N(C)c1c(I)c(C(=O)NC(CO)C(O)CO)c(I)c(C(=O)NC(CO)C(O)CO)c1I)c1c(I)c(C(=O)NC(CO)C(O)CO)c(I)c(C(=O)NC(CO)C(O)CO)c1I,0.002459906507283449,0.050893042236566544,0.04967218264937401,0.04827281832695007,0.07346897572278976,0.01861233637,0.009547716937959194,0.04658352956175804,0.030355460941791534,0.031996339559555054,0.016006870195269585,0.015028111636638641,0.2598666846752167,0.3120534420013428,0.8784622550010681
NVIC0141,Nc1ncnn2c([C@@H]3O[C@H](COP(=O)(O)O)C(O)C3O)ccc12,0.004513797350227833,0.008758766576647758,0.05047242343425751,0.006557983346283436,0.011052082292735577,0.01731961034,0.018518680706620216,0.06502122431993484,0.029511159285902977,0.0240512415766716,0.017704078927636147,0.01532271970063448,0.04146222397685051,0.049239419400691986,0.7687572836875916
NVIC0142,CC=C1CNC2CC34c5ccccc5N[C@H]3C(C)CC1C2C4OC(C)=O,0.2590033710002899,0.1589399129152298,0.4627518355846405,0.04439172521233559,0.14930810034275055,0.8050774932,0.6909825205802917,0.6963358521461487,0.7371004223823547,0.303187757730484,0.6197942495346069,0.73357093334198,0.41693612933158875,0.6285278797149658,0.40091025829315186