NVIC_id,SMILES,CLp_c,CLr,T50,MRT
NVIC0001,NCC(=O)Nc1ccc(-n2nc(C(F)(F)F)cc2-c2ccc3c(ccc4ccccc43)c2)cc1,0.2646563947200775,0.5546927452087402,-2.115033627,-2.101150751
NVIC0002,COc1ccc2cc1Oc1ccc(cc1)C[C@H]1c3c(cc4c(c3Oc3cc5c(cc3OC)CCN(C)[C@@H]5C2)OCO4)CCN1C,0.5609540939331055,0.4939718246459961,-2.054216385,-2.072017908
NVIC0003,C=C(C)[C@@H]1Cc2c(ccc3c2NC(=O)[C@]32C[C@@]34NC(=O)[C@]5(CCCN5C3=O)C[C@@H]4C2(C)C)O1,0.5534639954566956,0.5403391122817993,-0.8301534057,-0.7847003937
NVIC0004,CC(=O)C12c3ccccc3C(c3ccccc31)[C@H]1C(=O)N(c3cccc(C(F)(F)F)c3)C(=O)[C@@H]12,0.3686405122280121,0.38567766547203064,-1.588992238,-1.511682868
NVIC0005,O=C(CSc1nnnn1-c1cccc2ccccc12)N1CCCc2ccccc21,0.640084445476532,0.2947118878364563,-0.755620718,-0.6138712764
NVIC0006,COc1ccc2c(c1)CC[C@@H]1[C@@H]2CC[C@]2(C)[C@@H](NCCCCCCN3C(=O)C=CC3=O)CC[C@@H]12,0.5376780033111572,0.6114511489868164,-1.280136347,-1.224119186
NVIC0007,CC(C)C[C@@H]1N[C@@H]2N(C1=O)c1ccccc1[C@]21C[C@@H]2C(=O)N[C@](C)(O1)c1nc3ccccc3c(=O)n12,0.14066973328590393,0.5555304884910583,-1.736675024,-1.753957868
NVIC0008,COc1ccccc1-c1cc2ccc(Cl)cc2[nH]c1=O,0.41145581007003784,0.4886617362499237,-1.153112411,-1.192908406
NVIC0009,N/C(=N\Cc1ccccc1)NC(=O)c1nc(Cl)c(N)nc1N,0.5813730955123901,0.5958315134048462,-0.8660721183,-0.8851685524
NVIC0010,CC(C)[C@@]1(O)[C@@H](OC(=O)c2ccc[nH]2)[C@@]2(O)[C@@]3(C)C[C@]4(O)O[C@@]5([C@H](O)[C@@H](C)CC[C@]35O)[C@@]2(O)[C@]41C,0.23722049593925476,0.7217105031013489,-1.032125354,-0.9987365007
NVIC0011,Cc1coc2c1C(=O)C(=O)c1c-2ccc2c(C)cccc12,0.6421509385108948,0.4682660400867462,-1.0084759,-1.015575647
NVIC0012,OC[C@H]1O[C@@H](OC[C@H]2O[C@H](O[C@]3(CO)O[C@H](CO)[C@@H](O)[C@@H]3O)[C@H](O)[C@@H](O)[C@@H]2O)[C@H](O)[C@@H](O)[C@@H]1O,0.06364709883928299,0.620401918888092,-0.5137988329,-0.4848416746
NVIC0013,COc1ccc2sc(NC(c3ccc(OC(F)F)cc3)c3ccc4cccnc4c3O)nc2c1,0.5010753273963928,0.5699847936630249,-1.18537271,-1.066928029
NVIC0014,CNc1ccc2oc(C[C@H]3O[C@@]4(CC[C@H]3C)O[C@H]([C@H](C)C(=O)c3ccc[nH]3)[C@H](C)C[C@H]4C)nc2c1C(=O)O,0.13185566663742065,0.7816620469093323,-0.8458734155,-0.7334452271
NVIC0015,CCC(CC)COC(=O)[C@H](C)N[P@](=O)(OC[C@H]1O[C@@](C#N)(c2ccc3c(N)ncnn23)[C@H](O)[C@@H]1O)Oc1ccccc1,0.786978006362915,0.5404289364814758,-0.3073720932,-0.04143988341
NVIC0016,CCN(CC)c1ccc(C(=C2C=CC(=[N+](CC)CC)C=C2)c2ccccc2)cc1,0.43725764751434326,0.5252682566642761,-0.1438170671,-0.03816132993
NVIC0017,NC(=O)c1[nH]nc([C@@H]2O[C@H](CO)[C@@H](O)[C@H]2O)c1O,0.08507788181304932,0.5862945318222046,-0.5958960652,-0.6835906506
NVIC0018,Nc1nc2c(c(=O)[nH]1)NC(CNc1ccc(C(=O)N[C@@H](CCC(=O)O)C(=O)O)cc1)CN2,0.22700729966163635,0.7389998435974121,-0.4696826935,-0.355864048
NVIC0019,Oc1ccc(/C=N\Nc2nc(Nc3ccccc3)nc(N3CCOCC3)n2)cc1,0.6424328684806824,0.5367611646652222,-0.5963707566,-0.4790385365
NVIC0020,COc1cc(/C=N\Nc2cc(N3CCOCC3)nc(N3CCOCC3)n2)ccc1O,0.4253273010253906,0.6260955929756165,-0.5210923553,-0.4332338274
NVIC0021,COc1ccc(/C=C2/SC(=N)NC2=O)cc1O,0.5422385931015015,0.6036834716796875,-1.021326303,-1.100778341
NVIC0022,C[C@@H]1N[C@@H]2N(C1=O)c1ccccc1[C@@]21C[C@H]2n3c(nc4ccccc4c3=O)C(=O)C(C)(C)[C@@]2(O)O1,0.3642054498195648,0.5757808089256287,-1.350279331,-1.313894153
NVIC0023,CC1(C)C=Cc2cc3c(cc2O1)NC(=O)[C@]31C[C@@]23NC(=O)[C@]4(CCCN4C2=O)C[C@@H]3C1(C)C,0.323703408241272,0.5149093866348267,-0.8029038906,-0.7878731489
NVIC0024,O=C(O)[C@H]1O[C@@H](Oc2c(O)cc(O)c3c(=O)c(O[C@@H]4O[C@H](CO)[C@@H](O)[C@H](O)[C@H]4O)c(-c4ccc(O)c(O)c4)oc23)[C@H](O)[C@@H](O)[C@@H]1O,0.24437472224235535,0.7371703386306763,-0.4934359193,-0.4747444987
NVIC0025,CN(C(=O)COc1cccc2c1OC(C)(C)C2)c1nc2c(s1)CCCC2,0.7041447162628174,0.3767635226249695,-0.8190095425,-0.7987921238
NVIC0026,O=C(O)c1cc(-c2ccc(/C=C3\SC(=S)N(CCc4ccc(OCC5CC5)cc4)C3=O)o2)ccc1Cl,0.2723628282546997,0.6113201379776001,-1.340986371,-1.232849717
NVIC0027,C[C@@H]1C[C@@]23C[C@H]4C(C)(C)[C@@]5(C[C@]4(C[N+]2([O-])C1)N(C)C3=O)C(=O)Nc1c5ccc2c1C(=O)CC(C)(C)O2,0.8802000880241394,0.4560316503047943,-0.340105921,-0.1342606544
NVIC0028,OC[C@H](O)[C@@H](O)[C@H](O[C@@H]1O[C@H](CO)[C@H](O)[C@H](O)[C@H]1O)[C@H](O)CO,0.0549350343644619,0.5753896236419678,-0.4766648114,-0.4914659262
NVIC0029,NCCOB(c1ccccc1)c1ccccc1,0.8516892790794373,0.619098424911499,-0.9832594395,-1.055399418
NVIC0030,CC(C)C1=Cc2ccc3c(c2C(=O)C1=O)CCCC3(C)C,0.5483128428459167,0.42080259323120117,-0.9981076121,-0.9390233159
NVIC0031,NC(N)=NC(=O)c1nc(Cl)c(N)nc1N,0.17997345328330994,0.6501851677894592,-0.9404681921,-1.015913367
NVIC0032,CCCCN(CCCNC(=O)OC(C)(C)C)C(=O)c1ccc(OC)c(OC)c1,0.7787829637527466,0.44187164306640625,-0.2204601467,-0.107648842
NVIC0033,CCOC(=O)C1=C(C)N=c2s/c(=C/c3cc(Br)ccc3OC(C)=O)c(=O)n2C1c1ccccc1,0.6086755990982056,0.3768782913684845,-1.05506897,-0.8728872538
NVIC0034,O=S(=O)(Nc1ccc(-n2cnnn2)cc1)C1=Cc2ccccc2CC1,0.5284920930862427,0.6165154576301575,-0.6887310743,-0.5716152787
NVIC0035,O=C1NC(=O)C(c2ccccc2)(c2ccccc2)N1,0.09506499022245407,0.43391814827919006,-1.671093941,-1.78819716
NVIC0036,C[C@@H]1CN(C2=NC(=O)/C(=C/c3cn(-c4ccccc4)nc3-c3cc4ccccc4o3)S2)C[C@@H](C)O1,0.32148897647857666,0.43875905871391296,-1.667304158,-1.549165249
NVIC0037,CCN(c1nc(N)c(C(=O)N=C(N)N)nc1Cl)C(C)C,0.5413513779640198,0.5480291247367859,-0.4325627387,-0.5051989555
NVIC0038,CSC[C@H]1O[C@@H](n2ccc3c(N)ncnc32)[C@H](O)[C@@H]1O,0.6393905282020569,0.5806479454040527,-0.420701623,-0.3854725063
NVIC0039,Nc1ncnc2nc[nH]c12,0.544574499130249,0.6731648445129395,-0.3608710468,-0.3259467483
NVIC0040,NC(=O)c1c(/N=c2\oc3cc(O)ccc3cc2C(N)=O)sc2c1CCCC2,0.6100770235061646,0.6948410272598267,-0.672110796,-0.5637982488
NVIC0041,Cc1ccc(Cn2c(CO)cnc2SCC(=O)N2CCCc3ccccc32)cc1,0.7022811770439148,0.4672219753265381,-0.6971838474,-0.5242012739
NVIC0042,Cn1c(=O)c2c(SCC(=O)NCCc3ccccc3)nc(-c3ccco3)nc2n(C)c1=O,0.4101138412952423,0.38232576847076416,-0.7546868324,-0.7260352969
NVIC0043,O=C(NCC1CCCO1)C(=O)Nc1c2c(nn1-c1ccc(F)cc1)CSC2,0.48628270626068115,0.42055433988571167,-0.6271374226,-0.5345175266
NVIC0044,O=C(O)c1cc(-c2ccc(/C=C3\SC(=S)N(CCc4ccccc4)C3=O)o2)ccc1Cl,0.19849948585033417,0.5045349597930908,-1.473756313,-1.422103643
NVIC0045,O=C(Nc1cccc(-c2ccccc2)c1)N1CCN(C(=O)Nc2cccc(-c3ccccc3)c2)CC1,0.3401761054992676,0.6481773853302002,-0.6236194968,-0.5249165893
NVIC0046,Cn1c(=O)cc(-c2cccc(Cl)c2)c2cc(Cn3cncc3C(O)c3ccc(C#N)cc3)ccc21,0.6829273104667664,0.47437068819999695,-0.8112416267,-0.6883416176
NVIC0047,CN1CCC[C@@H]1CCOC(COC(=O)/C=C/C(=O)O)(c1ccccc1)c1ccc(Cl)cc1,0.27886712551116943,0.804236888885498,-1.01990962,-0.9557465911
NVIC0048,CC(C)(C)c1cc(O)c(C(C)(C)C)cc1O,0.903662919998169,0.5530784726142883,-0.5136061907,-0.3859512806
NVIC0049,[Fe],0.4189164638519287,0.400477796792984,-0.7483741045,-0.7545974255
NVIC0050,Cc1cccc(Cc2nn(C(C)(C)C)c3ncnc(N)c23)c1,0.4767594337463379,0.38699159026145935,-1.006835818,-0.9079983234
NVIC0051,Cn1c(=O)c2c(ncn2C)n(C)c1=O,0.7395893931388855,0.3789185881614685,0.1444447339,0.0987812951207161
NVIC0052,COc1ccc(CCN(C)CCCC(C#N)(c2ccc(OC)c(OC)c2)C(C)C)cc1OC,0.8954262137413025,0.5959592461585999,-0.5498219132,-0.4738428593
NVIC0053,CN(C)S(=O)(=O)c1ccc2c(c1)CCN2S(=O)(=O)c1cccs1,0.592771053314209,0.23271462321281433,-0.6709007621,-0.6979706287
NVIC0054,CCN(CC)CCCC(C)Nc1ccnc2cc(Cl)ccc12,0.7264089584350586,0.6679689288139343,-1.093463898,-1.128457904
NVIC0056,CCCCCCCCCCCCCC(=O)O[C@@H]1[C@@H](C)[C@@]2(O)[C@@H](C=C(CO)C[C@]3(O)C(=O)C(C)=C[C@@H]23)[C@@H]2C(C)(C)[C@]12OC(C)=O,0.7389330863952637,0.4507640600204468,-1.385664463,-1.314745545
NVIC0057,Clc1ccccc1C(c1ccccc1)(c1ccccc1)n1ccnc1,0.8905227184295654,0.5654731392860413,-0.6988737583,-0.5056481957
NVIC0058,COc1cccc2c1C(=O)c1c(O)c3c(c(O)c1C2=O)C[C@@](O)(C(=O)CO)C[C@@H]3O[C@H]1C[C@H](N)[C@H](O)[C@H](C)O1,0.798884928226471,0.5788289308547974,-1.331032395,-1.273914456
NVIC0059,O=C(O)c1ccc2c(=O)c(C(=O)O)c[nH]c2c1,0.12838086485862732,0.6594104170799255,-0.3265247941,-0.2431822419
NVIC0060,Cc1cc(-c2ccc(N3C(=O)CC4(CCCC4)C3=O)c(C)c2)ccc1N1C(=O)CC2(CCCC2)C1=O,0.21451115608215332,0.3886134922504425,-1.287916064,-1.200921655
NVIC0061,NCC1(CC(=O)O)CCCCC1,0.1564902514219284,0.7158219814300537,-0.6742371917,-0.6918542385
NVIC0062,CN(C)c1ccc(C(=C2C=CC(=[N+](C)C)C=C2)c2ccc(N(C)C)cc2)cc1,0.30185452103614807,0.5751092433929443,-0.1959677041,-0.1327327192
NVIC0063,Cc1cc(=O)c2c(O)c3c(O)cc(O)c4c5c(O)cc(O)c6c(O)c7c(=O)cc(C)c8c1c2c(c34)c(c65)c78,0.2840232849121094,0.6968494653701782,-1.132815957,-0.9649817944
NVIC0064,CC(=O)N(CC(O)CN(C(C)=O)c1c(I)c(C(=O)NCC(O)CO)c(I)c(C(=O)NCC(O)CO)c1I)c1c(I)c(C(=O)NCC(O)CO)c(I)c(C(=O)NCC(O)CO)c1I,0.05021433159708977,0.6370527148246765,-0.4361880422,-0.394913584
NVIC0065,NC(=O)c1ncn([C@@H]2O[C@H](CO)[C@@H](O)[C@H]2O)n1,0.440341979265213,0.5358942151069641,-0.2522770166,-0.28629601
NVIC0066,CC(C)C[C@H](NC(=O)[C@H](Cc1ccccc1)NC(=O)c1cnccn1)B(O)O,0.8306823968887329,0.6319378018379211,0.1661804616,0.3872292935848236
NVIC0067,O=C(Nc1cccc2ccccc12)c1c(NC(=O)C(F)(F)F)sc2c1CCCC2,0.41854122281074524,0.5469609498977661,-1.324004173,-1.248558283
NVIC0068,NC(=O)C1=CN([C@@H]2O[C@H](COP(=O)(O)OP(=O)(O)OC[C@H]3O[C@@H](n4cnc5c(N)ncnc54)[C@H](O)[C@@H]3O)[C@@H](O)[C@H]2O)C=CC1,0.21448664367198944,0.609300434589386,-0.4995907247,-0.4543361068
NVIC0069,CSC[C@H]1O[C@@H](n2cnc3c(N)ncnc32)[C@H](O)[C@@H]1O,0.6032187342643738,0.5547571182250977,-0.3508645296,-0.3524511158
NVIC0070,NC(N)=NCCC[C@H](N)C(=O)N1CCC[C@H]1C(=O)N1CCC[C@H]1C(=O)NCC(=O)N[C@@H](Cc1ccccc1)C(=O)N[C@@H](CO)C(=O)N1CCC[C@H]1C(=O)N[C@@H](Cc1ccccc1)C(=O)N[C@@H](CCCN=C(N)N)C(=O)O,0.14967511594295502,0.7073656916618347,0.1583583057,0.2855184078216553
NVIC0071,O=C1C[C@@H](c2ccc(O)cc2)Oc2cc(O)cc(O)c21,0.910154402256012,0.6679374575614929,0.1796405911,0.2980320453643799
NVIC0072,CC[C@@]1([C@@H]2O[C@@H]([C@H]3O[C@@](O)(CO)[C@H](C)C[C@@H]3C)C[C@@H]2C)CC[C@H]([C@]2(C)CC[C@]3(C[C@H](O)[C@@H](C)[C@@H]([C@@H](C)[C@@H](OC)[C@H](C)C(=O)O)O3)O2)O1,0.1736263930797577,0.6158069968223572,-1.557820797,-1.55967629
NVIC0073,CCn1cc(C(=O)NCc2ccc(Cl)cc2)c(=O)c2ccc(C(F)(F)F)cc21,0.4093266725540161,0.4373454749584198,-1.250953197,-1.211223602
NVIC0074,NC(=O)C1CCN(c2cc3c(cc2F)c(=O)c(C(=O)NCc2ccc(Cl)cc2Cl)cn3C2CC2)CC1,0.4733312726020813,0.5458024144172668,-1.252163172,-1.135151267
NVIC0075,CCOC(=O)C1CCN(c2cc3c(cc2F)c(=O)c(C(=O)NCc2ccc(Cl)cc2Cl)cn3CC)CC1,0.6305892467498779,0.5584748387336731,-1.069588304,-0.9090389013
NVIC0076,CCOC(=O)N1CCN(c2cc3c(cc2F)c(=O)c(C(=O)NCc2ccc(Cl)cc2Cl)cn3CC)CC1,0.5916961431503296,0.5615651607513428,-0.8886007667,-0.709153533
NVIC0077,CCOC(=O)N1CCN(c2cc3c(cc2F)c(=O)c(C(=O)NCc2ccc(Cl)cc2Cl)cn3C2CC2)CC1,0.5886939764022827,0.5221242308616638,-0.9787320495,-0.7962955236
NVIC0078,N#C[C@@]1(c2ccc3c(N)ncnn23)O[C@H](CO)[C@@H](O)[C@H]1O,0.4345800280570984,0.4692261815071106,-0.4186522365,-0.4242364764
NVIC0079,CCCCCCCC/C=C\CCCCCCCC(=O)O,0.25206661224365234,0.3283174932003021,-1.639996767,-1.549303412
NVIC0080,C/C=C(/C)C(=O)O[C@H]1C(C)=C2[C@@H]3OC(=O)[C@@](C)(O)[C@@]3(O)[C@@H](OC(=O)CCC)C[C@](C)(OC(C)=O)[C@H]2[C@@H]1OC(=O)CCCCCCC,0.7069987058639526,0.4402560889720917,-1.23361063,-1.127877474
NVIC0081,Nc1ncnc2c([C@@H]3O[C@H](CO)[C@@H](O)[C@H]3O)[nH]nc12,0.20074860751628876,0.6639556288719177,-0.4090375006,-0.450579226
NVIC0082,C[C@@H](NC(=O)C(=O)c1ccc(C2CCCCC2)cc1)C(C)(C)C,0.6017255187034607,0.35649779438972473,-1.033549428,-0.9150890708
NVIC0083,COC(=O)C1=C(C)NC(C)=C(C(=O)OC)C1c1ccccc1[N+](=O)[O-],0.7153883576393127,0.33021441102027893,-1.022217035,-0.9913495183
NVIC0084,CC/C(=C(\c1ccc(O)cc1)c1ccc(OCCN(C)C)cc1)c1ccccc1,0.7700386643409729,0.6323757171630859,-1.034433126,-0.9887059927
NVIC0085,C#Cc1c(C(N)=O)ncn1[C@@H]1O[C@H](CO)[C@@H](O)[C@H]1O,0.41579580307006836,0.5935798287391663,-0.2622067332,-0.3420887589
NVIC0086,[N-]=[N+]=N[C@]1(CO)O[C@@H](n2ccc(N)nc2=O)[C@H](O)[C@@H]1O,0.5245682597160339,0.5748140215873718,-0.2066860795,-0.2027190626
NVIC0087,CCCCCCCCc1[nH]c2cccc3c2c1C[C@@H](CO)NC(=O)[C@H](C(C)C)N3C,0.8626001477241516,0.5066053867340088,-0.3777488172,-0.2157998383
NVIC0088,CC(C)C[C@@H](C=O)NC(=O)[C@H](CC(C)C)NC(=O)[C@H](CC(C)C)NC(=O)OCc1ccccc1,0.8368707895278931,0.4962238073348999,0.1441082656,0.46078866720199585
NVIC0089,COc1ccc(P(=S)(S)N2CCOCC2)cc1,0.4786035120487213,0.25740817189216614,-0.835649848,-0.745898962
NVIC0090,CC(COc1ccccc1)N(CCCl)Cc1ccccc1,0.8490706086158752,0.4344736933708191,-0.7911083698,-0.8464276791
NVIC0091,O=C(C1CCCCC1)N1CC(=O)N2CCc3ccccc3C2C1,0.7404459118843079,0.3344554007053375,-0.2141160369,-0.1358187497
NVIC0092,NC(=O)c1nc(F)c[nH]c1=O,0.3067483901977539,0.5504512190818787,-0.373993963,-0.4587301612
NVIC0093,CC(C)NCC(O)COc1cccc2ccccc12,0.7902269959449768,0.6318250298500061,-0.7865338326,-0.8606500626
NVIC0094,O=C1CC(c2ccc3c(c2)OCO3)c2c([nH]c(SCc3cccc(F)c3)nc2=O)N1,0.5097106695175171,0.6123760938644409,-0.8604590893,-0.8032868505
NVIC0095,O=C(Nc1ccccc1F)N[C@H]1N=C(c2ccccc2)c2ccccc2NC1=O,0.1927862912416458,0.6770004630088806,-1.118927717,-1.135638118
NVIC0096,C/C=C/CC(C)C(O)C1C(=O)NC(CC)C(=O)N(C)CC(=O)N(C)C(CC(C)C)C(=O)NC(C(C)C)C(=O)N(C)C(CC(C)C)C(=O)NC(C)C(=O)NC(C)C(=O)N(C)C(CC(C)C)C(=O)N(C)C(CC(C)C)C(=O)N(C)C(C(C)C)C(=O)N1C,0.4947320818901062,0.5268216729164124,-1.028733015,-0.9068202972
NVIC0097,C=C1CC[C@H](O)C/C1=C/C=C1\CCC[C@@]2(C)[C@H]1CC[C@@H]2[C@H](C)CCCC(C)C,0.2560040354728699,0.42839744687080383,-2.195652246,-2.226984501
NVIC0098,C[C@@H]1O[C@@H](OC[C@H]2O[C@@H](Oc3c(-c4ccc(O)c(O)c4)oc4cc(O)cc(O)c4c3=O)[C@H](O)[C@@H](O)[C@@H]2O)[C@H](O)[C@H](O)[C@H]1O,0.4128261208534241,0.7847139835357666,-0.3823081553,-0.3196005821
NVIC0099,CC(=O)c1c(O)c(C)c(O)c(Cc2c(O)c3c(c(C(=O)/C=C/c4ccccc4)c2O)OC(C)(C)C=C3)c1O,0.7928452491760254,0.6630663275718689,-0.5588496923,-0.4164954424
NVIC0100,C=C1CC[C@H](O)C/C1=C/C=C1\CCC[C@@]2(C)[C@H]1CC[C@@H]2[C@H](C)CCCC(C)(C)O,0.24927575886249542,0.5733348727226257,-1.582493186,-1.580788016
NVIC0101,C1CCC[C@@H]2CCCN3CC[C@H](CCCCCC[C@H]4CCCN5CC[C@H](CC1)O[C@H]45)O[C@H]23,0.6549596786499023,0.4752032458782196,-1.802466154,-1.853336096
NVIC0102,COc1cc(Nc2c(C#N)cnc3cc(OCCCN4CCN(C)CC4)c(OC)cc23)c(Cl)cc1Cl,0.42089924216270447,0.5060417652130127,-1.86990571,-1.900917649
NVIC0103,C/C=C1\CN2CCc3c([nH]c4ccccc34)C2CC1C(Cc1c[n+]2c(c3[nH]c4ccccc4c13)CC1C(C(=O)OC)=COC(C)C1C2)C(=O)OC,0.9178624153137207,0.7363837361335754,-0.04992529005,0.22323167324066162
NVIC0104,C/C(=N\NC(=O)c1ccncc1)C(=O)O,0.3489093780517578,0.5346077084541321,-0.2439982891,-0.2597908378
NVIC0105,O=C[C@H](O)[C@@H](O)[C@H](O)[C@H](O)CO[C@H]1O[C@H](CO[C@H]2O[C@H](CO)[C@H](O)[C@H](O)[C@H]2O)[C@H](O)[C@H](O)[C@H]1O,0.08473969250917435,0.6703972816467285,-0.3251652122,-0.325380832
NVIC0106,N#C[C@@]1(c2ccc3c(N)ncnn23)O[C@H](COP(=O)(O)OP(=O)(O)OP(=O)(O)O)[C@@H](O)[C@H]1O,0.16988882422447205,0.47427627444267273,-0.4964457154,-0.4069420099
NVIC0107,CC(=O)Nc1ccc(/C(C)=N\Nc2nc(Nc3ccccc3)nc(N3CCOCC3)n2)cc1,0.271374374628067,0.5440282821655273,-1.410406947,-1.361115694
NVIC0108,Cc1cccn2c(=O)c(-c3nn[nH]n3)cnc12,0.5089849829673767,0.5825417637825012,-0.262752831,-0.227483958
NVIC0109,NC(=O)c1ccc[n+]([C@@H]2O[C@H](COP(=O)([O-])OP(=O)(O)OC[C@H]3O[C@@H](n4cnc5c(N)ncnc54)[C@H](OP(=O)(O)O)[C@@H]3O)[C@@H](O)[C@H]2O)c1,0.2514132261276245,0.5944316983222961,-0.6029678583,-0.5227447748
NVIC0110,O=c1cnn([C@@H]2O[C@H](CO)[C@@H](O)[C@H]2O)c(=O)[nH]1,0.2533254325389862,0.5747866034507751,-0.395606339,-0.4271209538
NVIC0111,CCOC(=O)C1=C(COCCNc2ccccc2S(=O)(=O)O)NC(C)=C(C(=O)OC)C1c1ccccc1Cl,0.5699242949485779,0.7060142159461975,-0.05156507343,0.1954839825630188
NVIC0112,COCC(=O)O[C@]1(CCN(C)CCCc2nc3ccccc3[nH]2)CCc2cc(F)ccc2[C@@H]1C(C)C,0.8052778840065002,0.6325656771659851,-0.9040602446,-0.8953409195
NVIC0114,CN1C(=O)[C@]23CC4=CC=C[C@H](O)[C@H]4N2C(=O)[C@@]1(CO)SS3,0.727819561958313,0.509905219078064,0.4626036882,0.48780524730682373
NVIC0115,NC(=O)CC[C@@H]1NC(=O)[C@H](Cc2ccccc2)NC(=O)[C@H](Cc2ccc(O)cc2)NC(=O)[C@@H](N)CSSC[C@@H](C(=O)N2CCC[C@H]2C(=O)N[C@@H](CCCN=C(N)N)C(=O)NCC(N)=O)NC(=O)[C@H](CC(N)=O)NC1=O,0.19338956475257874,0.7074437141418457,-0.1890910864,-0.1434056759
NVIC0116,Cl[La](Cl)Cl,0.7328393459320068,0.28472626209259033,-0.7258180976,-0.7572171688
NVIC0117,CCN(CCCC(C)Nc1ccnc2cc(Cl)ccc12)CCOP(=O)(O)OOP(=O)(O)O,0.4970749616622925,0.6239152550697327,-0.293472141,-0.03617509454
NVIC0118,C[C@H](CCCC(C)(C)O)[C@H]1CC[C@H]2[C@@H]3CC=C4C[C@@H](O)CC[C@]4(C)[C@H]3CC[C@@]21C,0.435703307390213,0.34324920177459717,-1.955929399,-1.947271943
NVIC0120,O=c1[nH]c2cc(Cl)cc(Cl)c2c(O)c1SCCCc1cncnc1,0.8162891864776611,0.6359979510307312,-0.5022516847,-0.3121285439
NVIC0121,C[C@H](C[C@H](C)C(=O)/C=C(\O)[C@H](C)C[C@H](C)C/C=C/[C@@H](C)[C@@H](O)[C@@H](C)[C@@H](O)C[C@@H]1CC[C@@](C)([C@H]2CC[C@@](C)([C@@H](C)O)O2)O1)C[C@H](C)CCC(=O)O,0.4817112386226654,0.553921103477478,-0.9689712524,-0.7644978762
NVIC0122,O=C1CN(/N=C/c2ccc(-c3ccc([N+](=O)[O-])cc3)o2)C(=O)N1,0.1299215406179428,0.2164067178964615,-1.523410439,-1.689752817
NVIC0123,COc1ccc2cc1Oc1ccc(cc1)C[C@H]1c3cc(c(OC)cc3CCN1C)Oc1c(OC)c(OC)cc3c1[C@H](C2)N(C)CC3,0.632967472076416,0.5465863943099976,-1.950140953,-1.919273734
NVIC0124,C=CCc1cccc2cc(C(=O)Nc3ccccc3C(=O)O)c(=O)oc12,0.17769210040569305,0.6719330549240112,-0.8360255957,-0.8267199993
NVIC0125,CCNc1nc(NC(C)(C)C)nc(N(C#N)CC(=O)OC)n1,0.5785223245620728,0.3457118570804596,-0.05439150333,0.08289866894483566
NVIC0126,Cc1ccc(-n2c3c(cc(C(=O)N4CCOCC4)c2=O)C(=O)CC(C)(C)C3)cc1,0.39838266372680664,0.21080845594406128,-0.6840727329,-0.5894815922
NVIC0127,C(=N/Nc1nc(Nc2ccccc2)nc(N2CCOCC2)n1)\c1cccnc1,0.59369295835495,0.5426732897758484,-0.905449152,-0.794483006
NVIC0128,O=S(=O)(Nc1ccc(-n2cnnn2)cc1)c1ccc(F)c(F)c1,0.14885485172271729,0.29281118512153625,-1.568777561,-1.602426648
NVIC0129,COC(=O)CN(C#N)c1nc(NC(C)C)nc(NC(C)C)n1,0.48966342210769653,0.38018137216567993,0.03684148937,0.13585078716278076
NVIC0130,O=C(O)CCCc1c[nH]c2ccccc12,0.13601474463939667,0.5732540488243103,-0.6083590984,-0.6122587919
NVIC0131,O=C(O)c1c[nH]c2cccc(C(=O)O)c2c1=O,0.17902354896068573,0.6707754731178284,-0.483561784,-0.4245691597
NVIC0132,Cc1ccc(NC(=O)N[C@@H](C(=O)N2CCc3ccccc32)c2ccccc2)cc1,0.3613399565219879,0.5026063323020935,-0.8503693938,-0.776335597
NVIC0133,OC[C@H]1O[C@H](OC[C@H]2O[C@H](OC[C@H]3O[C@H](OC4[C@@H](O)[C@@H](O)C(O)[C@@H](O)[C@@H]4O)[C@H](O)[C@@H](O)[C@H]3O)[C@H](O)[C@@H](O)[C@H]2O)[C@H](O)[C@@H](O)[C@H]1O,0.08873845636844635,0.6442166566848755,-0.3924616277,-0.3670712709
NVIC0134,CCc1ccc(C2c3[nH]c4ccccc4c3CCN2C(=O)C2CCC2)cc1,0.4301564693450928,0.5020068883895874,-1.276982784,-1.132766128
NVIC0135,CC[C@]1(CC2CC(C(=O)OC)=C3Nc4ccccc4[C@]34NCC(Cc3ccccc3)[C@@H]24)COC(C)(C)O1,0.8305197358131409,0.5699961185455322,-0.7811510563,-0.6734268665
NVIC0136,Cc1ccc(S(=O)(=O)CC(=O)NC2NC(c3ccc(O)cc3)=CS2)cc1,0.19566723704338074,0.5651140809059143,-0.9792571068,-0.9690909386
NVIC0137,O=C(c1nc(F)cnc1O)N1CCN(c2nnc(-c3ccccc3)o2)CC1,0.2508162260055542,0.32705050706863403,-0.9351061583,-0.9822371006
NVIC0138,O=C(c1nc(F)cnc1O)N1CCN(c2nnc(-c3ccc(Cl)cc3)o2)CC1,0.12187262624502182,0.3393101692199707,-1.238978863,-1.33784616
NVIC0139,O=C(c1nc(F)cnc1O)N1CCN(c2nnc(-c3ccc(O)cc3)o2)CC1,0.4191696345806122,0.6015916466712952,-0.6339989305,-0.6155372858
NVIC0140,CN(C(=O)CC(=O)N(C)c1c(I)c(C(=O)NC(CO)C(O)CO)c(I)c(C(=O)NC(CO)C(O)CO)c1I)c1c(I)c(C(=O)NC(CO)C(O)CO)c(I)c(C(=O)NC(CO)C(O)CO)c1I,0.05412459373474121,0.6250643134117126,-0.4439586997,-0.4021353126
NVIC0141,Nc1ncnn2c([C@@H]3O[C@H](COP(=O)(O)O)C(O)C3O)ccc12,0.06596404314041138,0.6139581799507141,-0.7167484164,-0.6412448883
NVIC0142,CC=C1CNC2CC34c5ccccc5N[C@H]3C(C)CC1C2C4OC(C)=O,0.8129149079322815,0.6931734085083008,-0.7198493481,-0.7113173008