NVIC_id,SMILES,BBB,OATP1B1_inhibitor,OATP1B3_inhibitor,OATP2B1_inhibitor,OCT1_inhibitor,OCT2_inhibitor,BCRP_inhibitor,BSEP_inhibitor,MATE1_inhibitor,Pgp_inhibitor,Pgp_substrate,PPB,VDss
NVIC0001,NCC(=O)Nc1ccc(-n2nc(C(F)(F)F)cc2-c2ccc3c(ccc4ccccc43)c2)cc1,0.6725029349327087,0.7436841726303101,0.7200939655303955,0.5469104647636414,0.6967521905899048,0.2531515955924988,0.9308644533157349,0.9530937671661377,0.2482789307832718,0.9155994057655334,0.5400078892707825,1.001908302307129,1.255877495
NVIC0002,COc1ccc2cc1Oc1ccc(cc1)C[C@H]1c3c(cc4c(c3Oc3cc5c(cc3OC)CCN(C)[C@@H]5C2)OCO4)CCN1C,0.8452922701835632,0.8650611639022827,0.8253405690193176,0.5051711797714233,0.7424057126045227,0.3956555426120758,0.8354871869087219,0.9270817041397095,0.22546234726905823,0.9515981674194336,0.6038117408752441,0.9828624725341797,1.255877495
NVIC0003,C=C(C)[C@@H]1Cc2c(ccc3c2NC(=O)[C@]32C[C@@]34NC(=O)[C@]5(CCCN5C3=O)C[C@@H]4C2(C)C)O1,0.6983399987220764,0.6658686995506287,0.796412467956543,0.22831083834171295,0.44358596205711365,0.2043265700340271,0.6487956047058105,0.9374569058418274,0.17147685587406158,0.7744789123535156,0.8004828691482544,0.8279590606689453,0.4979502857
NVIC0004,CC(=O)C12c3ccccc3C(c3ccccc31)[C@H]1C(=O)N(c3cccc(C(F)(F)F)c3)C(=O)[C@@H]12,0.7225732207298279,0.4155257046222687,0.5041826367378235,0.4622234106063843,0.4004817008972168,0.16507107019424438,0.5831031203269958,0.9810312390327454,0.16334697604179382,0.9552740454673767,0.23030312359333038,0.9957926273345947,0.4259035885
NVIC0005,O=C(CSc1nnnn1-c1cccc2ccccc12)N1CCCc2ccccc21,0.9147087335586548,0.8655328154563904,0.8229771852493286,0.2418479323387146,0.502065122127533,0.32897284626960754,0.17497417330741882,0.9781402349472046,0.29938429594039917,0.9447956085205078,0.24613235890865326,0.9553861618041992,-0.6987046599
NVIC0006,COc1ccc2c(c1)CC[C@@H]1[C@@H]2CC[C@]2(C)[C@@H](NCCCCCCN3C(=O)C=CC3=O)CC[C@@H]12,0.6398003697395325,0.6777767539024353,0.7019551396369934,0.4364098906517029,0.6287500262260437,0.30715426802635193,0.8493428230285645,0.9594998955726624,0.227915957570076,0.9327621459960938,0.810310959815979,0.9635287523269653,0.778375566
NVIC0007,CC(C)C[C@@H]1N[C@@H]2N(C1=O)c1ccccc1[C@]21C[C@@H]2C(=O)N[C@](C)(O1)c1nc3ccccc3c(=O)n12,0.13630728423595428,0.726288378238678,0.7295909523963928,0.40784022212028503,0.23569554090499878,0.11485733091831207,0.8321104049682617,0.71913743019104,0.15872569382190704,0.5000740885734558,0.8492537140846252,0.8798671960830688,-0.1815345883
NVIC0008,COc1ccccc1-c1cc2ccc(Cl)cc2[nH]c1=O,0.9867050051689148,0.9806497097015381,0.9838128089904785,0.11850185692310333,0.6367776989936829,0.2939651310443878,0.3551611006259918,0.84955894947052,0.11953136324882507,0.3080962300300598,0.11297035962343216,0.9837822914123535,0.3316099346
NVIC0009,N/C(=N\Cc1ccccc1)NC(=O)c1nc(Cl)c(N)nc1N,0.882655680179596,0.9790053367614746,0.9896395206451416,0.05269704386591911,0.31113559007644653,0.20524431765079498,0.09400132298469543,0.23000797629356384,0.061882153153419495,0.05447453260421753,0.3550092875957489,0.5040848255157471,0.4953387082
NVIC0010,CC(C)[C@@]1(O)[C@@H](OC(=O)c2ccc[nH]2)[C@@]2(O)[C@@]3(C)C[C@]4(O)O[C@@]5([C@H](O)[C@@H](C)CC[C@]35O)[C@@]2(O)[C@]41C,0.44355329871177673,0.9576806426048279,0.9765242338180542,0.1132768914103508,0.14703251421451569,0.12115402519702911,0.06764857470989227,0.47553959488868713,0.07995790988206863,0.07258833199739456,0.8889129757881165,0.4977022707462311,-0.1035374552
NVIC0011,Cc1coc2c1C(=O)C(=O)c1c-2ccc2c(C)cccc12,0.8525116443634033,0.9441787600517273,0.9570809602737427,0.18664009869098663,0.4990411400794983,0.19946926832199097,0.47387054562568665,0.8144604563713074,0.19732056558132172,0.7127944231033325,0.19486990571022034,0.9322341680526733,0.2503167987
NVIC0012,OC[C@H]1O[C@@H](OC[C@H]2O[C@H](O[C@]3(CO)O[C@H](CO)[C@@H](O)[C@@H]3O)[C@H](O)[C@@H](O)[C@@H]2O)[C@H](O)[C@@H](O)[C@@H]1O,0.16993854939937592,0.9046414494514465,0.9405664205551147,0.19222348928451538,0.04308884218335152,0.044513992965221405,0.029756858944892883,0.029987921938300133,0.04854303598403931,0.03141142427921295,0.15209805965423584,-0.06108009815,-0.6862716675
NVIC0013,COc1ccc2sc(NC(c3ccc(OC(F)F)cc3)c3ccc4cccnc4c3O)nc2c1,0.6830767393112183,0.8012277483940125,0.744961142539978,0.4542796313762665,0.5693154335021973,0.15084347128868103,0.5817269682884216,0.9678660035133362,0.299153208732605,0.8997321724891663,0.1964666098356247,1.0006135702133179,0.1263350695
NVIC0014,CNc1ccc2oc(C[C@H]3O[C@@]4(CC[C@H]3C)O[C@H]([C@H](C)C(=O)c3ccc[nH]3)[C@H](C)C[C@H]4C)nc2c1C(=O)O,0.22314420342445374,0.6626220345497131,0.6632186770439148,0.5430790781974792,0.199410542845726,0.07155416160821915,0.6215947866439819,0.9085829854011536,0.11007144302129745,0.38573479652404785,0.6088043451309204,0.9525524377822876,-0.7353613377
NVIC0015,CCC(CC)COC(=O)[C@H](C)N[P@](=O)(OC[C@H]1O[C@@](C#N)(c2ccc3c(N)ncnn23)[C@H](O)[C@@H]1O)Oc1ccccc1,0.29702430963516235,0.5706015229225159,0.6912737488746643,0.26136934757232666,0.13787944614887238,0.11415264010429382,0.2167380303144455,0.8767547607421875,0.1353246569633484,0.8251855969429016,0.7955306172370911,0.8155574798583984,-0.2315561473
NVIC0016,CCN(CC)c1ccc(C(=C2C=CC(=[N+](CC)CC)C=C2)c2ccccc2)cc1,0.20183774828910828,0.7373531460762024,0.6403588652610779,0.5018613934516907,0.5854251384735107,0.3121342658996582,0.8299967050552368,0.9128337502479553,0.48045793175697327,0.9172313213348389,0.8285095691680908,0.7895365953445435,-0.290915668
NVIC0017,NC(=O)c1[nH]nc([C@@H]2O[C@H](CO)[C@@H](O)[C@H]2O)c1O,0.6171496510505676,0.9666300415992737,0.9879791736602783,0.08467275649309158,0.03847631812095642,0.030543437227606773,0.013617536053061485,0.01841908134520054,0.021718695759773254,0.012433763593435287,0.08025257289409637,-0.07562419772,-0.3837028146
NVIC0018,Nc1nc2c(c(=O)[nH]1)NC(CNc1ccc(C(=O)N[C@@H](CCC(=O)O)C(=O)O)cc1)CN2,0.2134474515914917,0.9286147356033325,0.9632279872894287,0.17216724157333374,0.04205908253788948,0.055540118366479874,0.0421600341796875,0.06074708700180054,0.0432099886238575,0.01607164926826954,0.634659469127655,0.3472558856010437,-0.3435501158
NVIC0019,Oc1ccc(/C=N\Nc2nc(Nc3ccccc3)nc(N3CCOCC3)n2)cc1,0.3954015076160431,0.7849428653717041,0.7695227861404419,0.43221715092658997,0.36074280738830566,0.1534808874130249,0.4543513059616089,0.7807018160820007,0.31718510389328003,0.7200642228126526,0.06726247072219849,0.9748023748397827,-0.6576800942
NVIC0020,COc1cc(/C=N\Nc2cc(N3CCOCC3)nc(N3CCOCC3)n2)ccc1O,0.15324881672859192,0.7396849989891052,0.7211629748344421,0.5388854146003723,0.22907641530036926,0.17727148532867432,0.5482732057571411,0.5794141292572021,0.19839449226856232,0.528015673160553,0.2643742263317108,0.9901555776596069,-0.7711336017
NVIC0021,COc1ccc(/C=C2/SC(=N)NC2=O)cc1O,0.8450365662574768,0.9712618589401245,0.9891149997711182,0.11297961324453354,0.13413220643997192,0.1317569762468338,0.060533929616212845,0.11612895876169205,0.05706906318664551,0.02435709349811077,0.08854448050260544,0.48771774768829346,-0.01098896191
NVIC0022,C[C@@H]1N[C@@H]2N(C1=O)c1ccccc1[C@@]21C[C@H]2n3c(nc4ccccc4c3=O)C(=O)C(C)(C)[C@@]2(O)O1,0.15888629853725433,0.762056827545166,0.8308477997779846,0.28386828303337097,0.1895027607679367,0.1505400389432907,0.6609435081481934,0.5507356524467468,0.1392618715763092,0.2987128794193268,0.8672932982444763,0.8242918252944946,0.3770013154
NVIC0023,CC1(C)C=Cc2cc3c(cc2O1)NC(=O)[C@]31C[C@@]23NC(=O)[C@]4(CCCN4C2=O)C[C@@H]3C1(C)C,0.8274942636489868,0.5931810140609741,0.7640751600265503,0.19208098948001862,0.5217467546463013,0.44730645418167114,0.6405853629112244,0.9320641160011292,0.15817607939243317,0.8809738159179688,0.6963633298873901,0.8495949506759644,0.01321839914
NVIC0024,O=C(O)[C@H]1O[C@@H](Oc2c(O)cc(O)c3c(=O)c(O[C@@H]4O[C@H](CO)[C@@H](O)[C@H](O)[C@H]4O)c(-c4ccc(O)c(O)c4)oc23)[C@H](O)[C@@H](O)[C@@H]1O,0.07490631192922592,0.950107991695404,0.9711741209030151,0.17785444855690002,0.06077858805656433,0.08501283824443817,0.07682451605796814,0.04034336283802986,0.08944328129291534,0.03585085645318031,0.5612240433692932,0.3298615515232086,-0.5283149481
NVIC0025,CN(C(=O)COc1cccc2c1OC(C)(C)C2)c1nc2c(s1)CCCC2,0.9774410128593445,0.9544856548309326,0.9568963646888733,0.13410161435604095,0.7148818969726562,0.4078037440776825,0.25201404094696045,0.9544415473937988,0.16972076892852783,0.8897499442100525,0.20714953541755676,0.9733619689941406,0.1399744451
NVIC0026,O=C(O)c1cc(-c2ccc(/C=C3\SC(=S)N(CCc4ccc(OCC5CC5)cc4)C3=O)o2)ccc1Cl,0.4597514271736145,0.5486972332000732,0.6167315244674683,0.6264262199401855,0.3594580590724945,0.10673294961452484,0.7227805852890015,0.9193467497825623,0.16969037055969238,0.8630113005638123,0.06230374425649643,1.0137892961502075,-0.1070947796
NVIC0027,C[C@@H]1C[C@@]23C[C@H]4C(C)(C)[C@@]5(C[C@]4(C[N+]2([O-])C1)N(C)C3=O)C(=O)Nc1c5ccc2c1C(=O)CC(C)(C)O2,0.7147044539451599,0.599448561668396,0.8161560893058777,0.15147989988327026,0.32808610796928406,0.3613399863243103,0.27402088046073914,0.9173979759216309,0.159918412566185,0.8007395267486572,0.8055854439735413,0.7774686813354492,0.155015111
NVIC0028,OC[C@H](O)[C@@H](O)[C@H](O[C@@H]1O[C@H](CO)[C@H](O)[C@H](O)[C@H]1O)[C@H](O)CO,0.27590376138687134,0.9155059456825256,0.9509252309799194,0.16432766616344452,0.048897892236709595,0.04686965048313141,0.0309035312384367,0.02278180420398712,0.042738404124975204,0.028507528826594353,0.08607620000839233,-0.1376360953,-0.6732542515
NVIC0029,NCCOB(c1ccccc1)c1ccccc1,0.9823637008666992,0.9899564981460571,0.9930873513221741,0.06639730930328369,0.716414749622345,0.5243675112724304,0.10644157975912094,0.3707742393016815,0.0958438292145729,0.10192450135946274,0.5102230906486511,0.5434156656265259,0.8942718506
NVIC0030,CC(C)C1=Cc2ccc3c(c2C(=O)C1=O)CCCC3(C)C,0.8800143003463745,0.9278760552406311,0.9487141966819763,0.17880992591381073,0.4506109654903412,0.1655203104019165,0.35338935256004333,0.8662408590316772,0.12097648531198502,0.6683861017227173,0.11547550559043884,0.9818128347396851,0.372955054
NVIC0031,NC(N)=NC(=O)c1nc(Cl)c(N)nc1N,0.7237905263900757,0.9847341775894165,0.9941072463989258,0.05320437252521515,0.08457197993993759,0.08328094333410263,0.04709145799279213,0.028494488447904587,0.029088610783219337,0.007396972272545099,0.19794036448001862,0.11551886051893234,0.1349499673
NVIC0032,CCCCN(CCCNC(=O)OC(C)(C)C)C(=O)c1ccc(OC)c(OC)c1,0.9898080229759216,0.9330909252166748,0.9385585188865662,0.12522494792938232,0.6398988366127014,0.5342450737953186,0.1612425148487091,0.9654944539070129,0.0914812907576561,0.891492486000061,0.4075995087623596,0.9417587518692017,-0.3594838977
NVIC0033,CCOC(=O)C1=C(C)N=c2s/c(=C/c3cc(Br)ccc3OC(C)=O)c(=O)n2C1c1ccccc1,0.7228019833564758,0.6203171014785767,0.5500224232673645,0.5000165104866028,0.43161749839782715,0.1648138463497162,0.4033174514770508,0.9804644584655762,0.24440103769302368,0.9806314706802368,0.19509494304656982,0.9286378622055054,0.1866621077
NVIC0034,O=S(=O)(Nc1ccc(-n2cnnn2)cc1)C1=Cc2ccccc2CC1,0.7538444399833679,0.8744697570800781,0.8524657487869263,0.33788591623306274,0.35316526889801025,0.22468078136444092,0.29637572169303894,0.9148929715156555,0.2877388000488281,0.725534975528717,0.16234536468982697,1.046502947807312,-0.62121737
NVIC0035,O=C1NC(=O)C(c2ccccc2)(c2ccccc2)N1,0.9142006039619446,0.9521242380142212,0.9773768782615662,0.09759772568941116,0.2156892567873001,0.21679647266864777,0.04252660647034645,0.6489565372467041,0.06559913605451584,0.1638142317533493,0.11420910805463791,0.816712498664856,-0.3482363224
NVIC0036,C[C@@H]1CN(C2=NC(=O)/C(=C/c3cn(-c4ccccc4)nc3-c3cc4ccccc4o3)S2)C[C@@H](C)O1,0.8346983194351196,0.7731480002403259,0.7438331842422485,0.47880926728248596,0.5461856722831726,0.13377457857131958,0.7790187001228333,0.961925745010376,0.2164473682641983,0.942433774471283,0.142361119389534,0.9903006553649902,0.5266985297
NVIC0037,CCN(c1nc(N)c(C(=O)N=C(N)N)nc1Cl)C(C)C,0.9505596160888672,0.9761549234390259,0.9895636439323425,0.05680352821946144,0.3557581603527069,0.2870960831642151,0.1471501886844635,0.25672200322151184,0.06999773532152176,0.12122897803783417,0.24822258949279785,0.6569334864616394,0.1315868199
NVIC0038,CSC[C@H]1O[C@@H](n2ccc3c(N)ncnc32)[C@H](O)[C@@H]1O,0.8728864192962646,0.9797264337539673,0.9927892088890076,0.04917711019515991,0.10399097949266434,0.07243270426988602,0.10741792619228363,0.0745631754398346,0.04344206303358078,0.010226077400147915,0.35314592719078064,0.21935924887657166,0.1650004983
NVIC0039,Nc1ncnc2nc[nH]c12,0.914110541343689,0.9921322464942932,0.9955429434776306,0.06565264612436295,0.1221141368150711,0.06453143060207367,0.11449172347784042,0.04163375496864319,0.06084943562746048,0.0069832210429012775,0.13451364636421204,0.1574435830116272,0.08036771417
NVIC0040,NC(=O)c1c(/N=c2\oc3cc(O)ccc3cc2C(N)=O)sc2c1CCCC2,0.688620924949646,0.8726497888565063,0.8498760461807251,0.27573850750923157,0.4863104522228241,0.24994809925556183,0.5565674304962158,0.9099113941192627,0.3519778549671173,0.8052133321762085,0.3985372483730316,0.9250613451004028,-0.02345033735
NVIC0041,Cc1ccc(Cn2c(CO)cnc2SCC(=O)N2CCCc3ccccc32)cc1,0.8881743550300598,0.7961016297340393,0.7510572671890259,0.26705124974250793,0.4621394872665405,0.3337697982788086,0.29698824882507324,0.9741967916488647,0.27472642064094543,0.9357410669326782,0.30229607224464417,0.9163771867752075,-0.4172733128
NVIC0042,Cn1c(=O)c2c(SCC(=O)NCCc3ccccc3)nc(-c3ccco3)nc2n(C)c1=O,0.8527472615242004,0.9022026658058167,0.9291686415672302,0.1366068422794342,0.28800439834594727,0.3527780771255493,0.068314328789711,0.8715435862541199,0.19301387667655945,0.7515484690666199,0.1861497312784195,0.9186594486236572,-0.6079656482
NVIC0043,O=C(NCC1CCCO1)C(=O)Nc1c2c(nn1-c1ccc(F)cc1)CSC2,0.9164856672286987,0.9857942461967468,0.9928862452507019,0.056788038462400436,0.11643462628126144,0.08943122625350952,0.08395572751760483,0.2159251719713211,0.055791907012462616,0.05123419314622879,0.19414904713630676,0.631502628326416,-0.1569917053
NVIC0044,O=C(O)c1cc(-c2ccc(/C=C3\SC(=S)N(CCc4ccccc4)C3=O)o2)ccc1Cl,0.5068928599357605,0.5932194590568542,0.671829879283905,0.5652518272399902,0.33808252215385437,0.09828943014144897,0.6169090867042542,0.9145379066467285,0.16409695148468018,0.8176863789558411,0.04897043853998184,0.9967542886734009,-0.3889202476
NVIC0045,O=C(Nc1cccc(-c2ccccc2)c1)N1CCN(C(=O)Nc2cccc(-c3ccccc3)c2)CC1,0.23228462040424347,0.7403092384338379,0.647771954536438,0.5635482668876648,0.45393410325050354,0.17950336635112762,0.7958555221557617,0.936988115310669,0.37946033477783203,0.9578132629394531,0.5454187989234924,0.9999186992645264,-0.4838624597
NVIC0046,Cn1c(=O)cc(-c2cccc(Cl)c2)c2cc(Cn3cncc3C(O)c3ccc(C#N)cc3)ccc21,0.8928385376930237,0.8116633296012878,0.7291112542152405,0.3168295621871948,0.543798565864563,0.40912529826164246,0.3144323527812958,0.9737078547477722,0.3646934926509857,0.9353929758071899,0.3178353011608124,0.9626932144165039,-0.2148651481
NVIC0047,CN1CCC[C@@H]1CCOC(COC(=O)/C=C/C(=O)O)(c1ccccc1)c1ccc(Cl)cc1,0.6485999822616577,0.9279086589813232,0.9559519290924072,0.18991218507289886,0.2729125916957855,0.27400556206703186,0.19578461349010468,0.6863867044448853,0.07543923705816269,0.20603543519973755,0.6820212602615356,0.8283406496047974,0.3579494655
NVIC0048,CC(C)(C)c1cc(O)c(C(C)(C)C)cc1O,0.6748987436294556,0.8625909090042114,0.8390772938728333,0.3617715537548065,0.5178868770599365,0.29746901988983154,0.3946170508861542,0.7674946784973145,0.2681628167629242,0.2675105035305023,0.12027467042207718,0.8656207323074341,0.2301802039
NVIC0049,[Fe],0.944648265838623,0.9883304834365845,0.9877583384513855,0.11779618263244629,0.24241706728935242,0.11576754599809647,0.14771585166454315,0.11552111059427261,0.10514943301677704,0.02132367342710495,0.19410742819309235,0.07354412972927094,-0.01386783645
NVIC0050,Cc1cccc(Cc2nn(C(C)(C)C)c3ncnc(N)c23)c1,0.9575333595275879,0.9697585105895996,0.9764629602432251,0.09500765800476074,0.47217339277267456,0.3409249186515808,0.3239995539188385,0.7821698188781738,0.06827643513679504,0.4145893156528473,0.2515559792518616,0.9095200300216675,0.2541168928
NVIC0051,Cn1c(=O)c2c(ncn2C)n(C)c1=O,0.9861878752708435,0.9939231276512146,0.9968200922012329,0.042444728314876556,0.1914760023355484,0.17587807774543762,0.05660761520266533,0.04329903796315193,0.05561581999063492,0.020244384184479713,0.07901053875684738,0.08082731068134308,-0.1120484769
NVIC0052,COc1ccc(CCN(C)CCCC(C#N)(c2ccc(OC)c(OC)c2)C(C)C)cc1OC,0.9721968173980713,0.8131427764892578,0.8656108379364014,0.17660242319107056,0.7881739139556885,0.6895734071731567,0.36284178495407104,0.9659349322319031,0.18711024522781372,0.9497918486595154,0.8108043670654297,0.8521790504455566,0.4512052536
NVIC0053,CN(C)S(=O)(=O)c1ccc2c(c1)CCN2S(=O)(=O)c1cccs1,0.9484515190124512,0.9437114000320435,0.9600958228111267,0.14301912486553192,0.36589473485946655,0.2144634872674942,0.16242653131484985,0.8977901339530945,0.1738051176071167,0.8248546719551086,0.06148846819996834,0.8652563095092773,-0.7657448649
NVIC0054,CCN(CC)CCCC(C)Nc1ccnc2cc(Cl)ccc12,0.9576621651649475,0.9425608515739441,0.9476068615913391,0.17578482627868652,0.8818975687026978,0.6889747381210327,0.6495509743690491,0.8228939175605774,0.18593843281269073,0.6782974600791931,0.7174735069274902,0.8510054349899292,0.9728494287
NVIC0056,CCCCCCCCCCCCCC(=O)O[C@@H]1[C@@H](C)[C@@]2(O)[C@@H](C=C(CO)C[C@]3(O)C(=O)C(C)=C[C@@H]23)[C@@H]2C(C)(C)[C@]12OC(C)=O,0.5268716812133789,0.5805962681770325,0.625741720199585,0.462530255317688,0.48704585433006287,0.206589013338089,0.6258814930915833,0.9408134818077087,0.19737599790096283,0.9614996910095215,0.6682104468345642,0.9427878856658936,1.071467161
NVIC0057,Clc1ccccc1C(c1ccccc1)(c1ccccc1)n1ccnc1,0.9190316200256348,0.8723515868186951,0.8356680274009705,0.3121730089187622,0.730910062789917,0.2608395516872406,0.4975709319114685,0.9744370579719543,0.2708354592323303,0.8404399752616882,0.17771169543266296,1.021916151046753,0.3279762566
NVIC0058,COc1cccc2c1C(=O)c1c(O)c3c(c(O)c1C2=O)C[C@@](O)(C(=O)CO)C[C@@H]3O[C@H]1C[C@H](N)[C@H](O)[C@H](C)O1,0.06716088950634003,0.7063902020454407,0.7904674410820007,0.3093305826187134,0.20852580666542053,0.10457383841276169,0.5555775761604309,0.526984453201294,0.21007674932479858,0.2907579243183136,0.9157093167304993,0.8563454151153564,1.547590733
NVIC0059,O=C(O)c1ccc2c(=O)c(C(=O)O)c[nH]c2c1,0.4988304376602173,0.9324172139167786,0.9751924276351929,0.21466107666492462,0.0418960377573967,0.02904750220477581,0.0686241164803505,0.04246144741773605,0.01846378482878208,0.01622341386973858,0.04446365311741829,0.5863703489303589,-0.7386974096
NVIC0060,Cc1cc(-c2ccc(N3C(=O)CC4(CCCC4)C3=O)c(C)c2)ccc1N1C(=O)CC2(CCCC2)C1=O,0.6317406296730042,0.4981335699558258,0.6149009466171265,0.38316890597343445,0.41386932134628296,0.1670805811882019,0.5486538410186768,0.9577831029891968,0.14327648282051086,0.9598298072814941,0.19022023677825928,0.9692999124526978,-0.05211311951
NVIC0061,NCC1(CC(=O)O)CCCCC1,0.7358394265174866,0.9883429408073425,0.9951766729354858,0.06343559175729752,0.04788576811552048,0.07198570668697357,0.010249800980091095,0.016774531453847885,0.02383311092853546,0.00668187253177166,0.14925748109817505,-0.01587986946,-0.1320757419
NVIC0062,CN(C)c1ccc(C(=C2C=CC(=[N+](C)C)C=C2)c2ccc(N(C)C)cc2)cc1,0.14963577687740326,0.80287766456604,0.7871432900428772,0.35505130887031555,0.48098284006118774,0.27446630597114563,0.674930989742279,0.799142599105835,0.4039042294025421,0.7427686452865601,0.8604034781455994,0.7607687711715698,-0.4171334207
NVIC0063,Cc1cc(=O)c2c(O)c3c(O)cc(O)c4c5c(O)cc(O)c6c(O)c7c(=O)cc(C)c8c1c2c(c34)c(c65)c78,0.035167861729860306,0.6466249823570251,0.6917905211448669,0.5908939242362976,0.22692108154296875,0.20805612206459045,0.7022441029548645,0.42252838611602783,0.282126784324646,0.47011232376098633,0.2816717028617859,0.9822567701339722,-0.5041206479
NVIC0064,CC(=O)N(CC(O)CN(C(C)=O)c1c(I)c(C(=O)NCC(O)CO)c(I)c(C(=O)NCC(O)CO)c1I)c1c(I)c(C(=O)NCC(O)CO)c(I)c(C(=O)NCC(O)CO)c1I,0.08440755307674408,0.7569716572761536,0.831807553768158,0.2520563304424286,0.07345394790172577,0.13441792130470276,0.06374304741621017,0.14251558482646942,0.07501180469989777,0.13273854553699493,0.4427504539489746,0.2273014783859253,-0.6438007951
NVIC0065,NC(=O)c1ncn([C@@H]2O[C@H](CO)[C@@H](O)[C@H]2O)n1,0.5644127130508423,0.9391374588012695,0.9775314331054688,0.1194017082452774,0.06561906635761261,0.028958437964320183,0.04548441618680954,0.04357316717505455,0.05616955831646919,0.03628760576248169,0.14698192477226257,0.14119522273540497,-0.2584013343
NVIC0066,CC(C)C[C@H](NC(=O)[C@H](Cc1ccccc1)NC(=O)c1cnccn1)B(O)O,0.39566582441329956,0.8595231175422668,0.9230221509933472,0.18078812956809998,0.08748156577348709,0.07299793511629105,0.16203179955482483,0.34215548634529114,0.08531833440065384,0.20316503942012787,0.481402724981308,0.6496232748031616,-0.282251507
NVIC0067,O=C(Nc1cccc2ccccc12)c1c(NC(=O)C(F)(F)F)sc2c1CCCC2,0.763434112071991,0.8557435870170593,0.8296568989753723,0.42147964239120483,0.47108930349349976,0.1465664952993393,0.456704318523407,0.9440714120864868,0.2820969521999359,0.8168815970420837,0.09423670172691345,0.9712792634963989,0.08052074909
NVIC0068,NC(=O)C1=CN([C@@H]2O[C@H](COP(=O)(O)OP(=O)(O)OC[C@H]3O[C@@H](n4cnc5c(N)ncnc54)[C@H](O)[C@@H]3O)[C@@H](O)[C@H]2O)C=CC1,0.11669515818357468,0.852627694606781,0.9099985957145691,0.21423591673374176,0.06864408403635025,0.0711178183555603,0.0792769342660904,0.12806212902069092,0.09780745953321457,0.05046803504228592,0.8102745413780212,0.29485800862312317,-0.4069381058
NVIC0069,CSC[C@H]1O[C@@H](n2cnc3c(N)ncnc32)[C@H](O)[C@@H]1O,0.863741934299469,0.9782226085662842,0.9926931858062744,0.05743194371461868,0.09811967611312866,0.050111547112464905,0.10735021531581879,0.04615551605820656,0.04522879794239998,0.009493126533925533,0.28698301315307617,0.2446112483739853,0.09592542052
NVIC0070,NC(N)=NCCC[C@H](N)C(=O)N1CCC[C@H]1C(=O)N1CCC[C@H]1C(=O)NCC(=O)N[C@@H](Cc1ccccc1)C(=O)N[C@@H](CO)C(=O)N1CCC[C@H]1C(=O)N[C@@H](Cc1ccccc1)C(=O)N[C@@H](CCCN=C(N)N)C(=O)O,0.09131691604852676,0.8266069293022156,0.9003096222877502,0.28104275465011597,0.03915223851799965,0.07236289232969284,0.03426805138587952,0.10901626199483871,0.05706825479865074,0.056713517755270004,0.44400012493133545,0.2947264611721039,-0.9047561288
NVIC0071,O=C1C[C@@H](c2ccc(O)cc2)Oc2cc(O)cc(O)c21,0.5069932341575623,0.8346685767173767,0.8751395344734192,0.31005099415779114,0.41130492091178894,0.2884955108165741,0.6510566473007202,0.47274911403656006,0.3021049201488495,0.2898155450820923,0.08415699005126953,0.9579522609710693,-0.3813786805
NVIC0072,CC[C@@]1([C@@H]2O[C@@H]([C@H]3O[C@@](O)(CO)[C@H](C)C[C@@H]3C)C[C@@H]2C)CC[C@H]([C@]2(C)CC[C@]3(C[C@H](O)[C@@H](C)[C@@H]([C@@H](C)[C@@H](OC)[C@H](C)C(=O)O)O3)O2)O1,0.22216981649398804,0.5145995616912842,0.5517295002937317,0.5092775225639343,0.3359336256980896,0.11598966270685196,0.7615998387336731,0.8928412795066833,0.1360233873128891,0.4861702024936676,0.8243547677993774,0.8248833417892456,0.05515765771
NVIC0073,CCn1cc(C(=O)NCc2ccc(Cl)cc2)c(=O)c2ccc(C(F)(F)F)cc21,0.9579899311065674,0.9035654664039612,0.8789206147193909,0.25837674736976624,0.59732586145401,0.25894665718078613,0.32825830578804016,0.9829245209693909,0.1993083953857422,0.9562239050865173,0.23371043801307678,0.9811078310012817,-0.06022134796
NVIC0074,NC(=O)C1CCN(c2cc3c(cc2F)c(=O)c(C(=O)NCc2ccc(Cl)cc2Cl)cn3C2CC2)CC1,0.6670194268226624,0.771470844745636,0.715985119342804,0.36537832021713257,0.4735194444656372,0.21233300864696503,0.36524519324302673,0.979482114315033,0.2805148661136627,0.9669013619422913,0.6494477987289429,0.9437506198883057,0.2384388447
NVIC0075,CCOC(=O)C1CCN(c2cc3c(cc2F)c(=O)c(C(=O)NCc2ccc(Cl)cc2Cl)cn3CC)CC1,0.6259388327598572,0.7135610580444336,0.6130111217498779,0.43042677640914917,0.4571624994277954,0.2136494517326355,0.3997054696083069,0.9817837476730347,0.3052925765514374,0.9735981225967407,0.6251300573348999,0.9553096294403076,0.2565110624
NVIC0076,CCOC(=O)N1CCN(c2cc3c(cc2F)c(=O)c(C(=O)NCc2ccc(Cl)cc2Cl)cn3CC)CC1,0.4953821897506714,0.6517677307128906,0.568214476108551,0.46563440561294556,0.37672337889671326,0.18204614520072937,0.42857542634010315,0.9800266623497009,0.2853570580482483,0.972606897354126,0.5383927226066589,0.9868104457855225,-0.04373181239
NVIC0077,CCOC(=O)N1CCN(c2cc3c(cc2F)c(=O)c(C(=O)NCc2ccc(Cl)cc2Cl)cn3C2CC2)CC1,0.4891979396343231,0.654166042804718,0.5590732097625732,0.47647395730018616,0.41005563735961914,0.2009100317955017,0.39991915225982666,0.9834274053573608,0.3326081931591034,0.9784204363822937,0.5370501279830933,0.9878321886062622,-0.01147856191
NVIC0078,N#C[C@@]1(c2ccc3c(N)ncnn23)O[C@H](CO)[C@@H](O)[C@H]1O,0.5652921199798584,0.9216962456703186,0.9745373725891113,0.11644759774208069,0.07476192712783813,0.03203888610005379,0.061408381909132004,0.0836978629231453,0.05369296297430992,0.042786676436662674,0.28902801871299744,0.3361077606678009,-0.1373843253
NVIC0079,CCCCCCCC/C=C\CCCCCCCC(=O)O,0.825804591178894,0.8350047469139099,0.8529031872749329,0.47312870621681213,0.3589158356189728,0.114038847386837,0.4888400137424469,0.7288969159126282,0.07363024353981018,0.48033374547958374,0.015171441249549389,1.0605392456054688,-0.4021162689
NVIC0080,C/C=C(/C)C(=O)O[C@H]1C(C)=C2[C@@H]3OC(=O)[C@@](C)(O)[C@@]3(O)[C@@H](OC(=O)CCC)C[C@](C)(OC(C)=O)[C@H]2[C@@H]1OC(=O)CCCCCCC,0.16502191126346588,0.37694594264030457,0.3974376320838928,0.4998416304588318,0.2949438691139221,0.20851705968379974,0.6019636392593384,0.9227736592292786,0.2503882348537445,0.9648512601852417,0.8257308006286621,0.8886492252349854,1.0390836
NVIC0081,Nc1ncnc2c([C@@H]3O[C@H](CO)[C@@H](O)[C@H]3O)[nH]nc12,0.6039423942565918,0.9789546132087708,0.9907779693603516,0.08514457195997238,0.04130939021706581,0.02120766043663025,0.019255585968494415,0.018917523324489594,0.03320598229765892,0.009209130890667439,0.23736204206943512,-0.04570832849,-0.3233496547
NVIC0082,C[C@@H](NC(=O)C(=O)c1ccc(C2CCCCC2)cc1)C(C)(C)C,0.963668167591095,0.9121994376182556,0.9095461964607239,0.2084975689649582,0.5362731218338013,0.18248233199119568,0.2778877019882202,0.9701162576675415,0.10791895538568497,0.9180458188056946,0.1287631243467331,1.0183457136154175,0.08296212554
NVIC0083,COC(=O)C1=C(C)NC(C)=C(C(=O)OC)C1c1ccccc1[N+](=O)[O-],0.9201428890228271,0.9180442094802856,0.9486746191978455,0.11757318675518036,0.44206538796424866,0.3341773450374603,0.15656617283821106,0.9219617247581482,0.17744936048984528,0.8993290662765503,0.3301994502544403,0.9071824550628662,0.1818728298
NVIC0084,CC/C(=C(\c1ccc(O)cc1)c1ccc(OCCN(C)C)cc1)c1ccccc1,0.8690506815910339,0.8387904167175293,0.8455628752708435,0.4028139114379883,0.8251304626464844,0.3793107271194458,0.8471163511276245,0.9519456624984741,0.24330250918865204,0.8078221082687378,0.43992745876312256,1.0301103591918945,0.9265841842
NVIC0085,C#Cc1c(C(N)=O)ncn1[C@@H]1O[C@H](CO)[C@@H](O)[C@H]1O,0.46837273240089417,0.9311031103134155,0.9791916012763977,0.09669306874275208,0.06795764714479446,0.03471355140209198,0.05289161205291748,0.038376688957214355,0.059151310473680496,0.030699778348207474,0.24680866301059723,0.11289691925048828,-0.1647677571
NVIC0086,[N-]=[N+]=N[C@]1(CO)O[C@@H](n2ccc(N)nc2=O)[C@H](O)[C@@H]1O,0.5697697997093201,0.9354124069213867,0.9725536704063416,0.11959359049797058,0.08107753098011017,0.03593314811587334,0.05502483993768692,0.07228688150644302,0.06142856553196907,0.0323825366795063,0.2957550585269928,0.13737119734287262,-0.1123191416
NVIC0087,CCCCCCCCc1[nH]c2cccc3c2c1C[C@@H](CO)NC(=O)[C@H](C(C)C)N3C,0.7195889353752136,0.7928810715675354,0.8041200637817383,0.25817397236824036,0.5525997877120972,0.2611433267593384,0.6590558886528015,0.9596102833747864,0.261657178401947,0.9639241695404053,0.8027575016021729,0.9527750015258789,0.08784963191
NVIC0088,CC(C)C[C@@H](C=O)NC(=O)[C@H](CC(C)C)NC(=O)[C@H](CC(C)C)NC(=O)OCc1ccccc1,0.7830651998519897,0.5665344595909119,0.6477462649345398,0.30162137746810913,0.33216923475265503,0.1965773105621338,0.5174528956413269,0.9644739031791687,0.14962856471538544,0.9400255084037781,0.36218053102493286,0.9290169477462769,-0.568841517
NVIC0089,COc1ccc(P(=S)(S)N2CCOCC2)cc1,0.9143904447555542,0.9748281836509705,0.991133987903595,0.07501640170812607,0.13418486714363098,0.07322553545236588,0.13919252157211304,0.2789371907711029,0.045746684074401855,0.10955038666725159,0.10334055125713348,0.8086831569671631,-0.1487814635
NVIC0090,CC(COc1ccccc1)N(CCCl)Cc1ccccc1,0.989600419998169,0.9715375900268555,0.9740536212921143,0.1079571321606636,0.8906882405281067,0.7127187848091125,0.2614106833934784,0.878838837146759,0.17017020285129547,0.7566277980804443,0.3377446234226227,0.8794262409210205,0.7428377271
NVIC0091,O=C(C1CCCCC1)N1CC(=O)N2CCc3ccccc3C2C1,0.9758020043373108,0.984531819820404,0.990345299243927,0.04865460842847824,0.2565794289112091,0.30513978004455566,0.035497862845659256,0.7403375506401062,0.06747853010892868,0.4526941776275635,0.19813121855258942,0.7953815460205078,-0.3017735183
NVIC0092,NC(=O)c1nc(F)c[nH]c1=O,0.8353278040885925,0.986647367477417,0.9941258430480957,0.07545957714319229,0.08274443447589874,0.09547661244869232,0.04008539766073227,0.02602459490299225,0.06483840942382812,0.018099751323461533,0.07216481864452362,0.27229124307632446,-0.1807977706
NVIC0093,CC(C)NCC(O)COc1cccc2ccccc12,0.9798575043678284,0.9851105213165283,0.9888301491737366,0.08368790149688721,0.7522416710853577,0.6213964819908142,0.1348707675933838,0.6416874527931213,0.1398886889219284,0.4081275463104248,0.5277754068374634,0.6794446706771851,0.6619133353
NVIC0094,O=C1CC(c2ccc3c(c2)OCO3)c2c([nH]c(SCc3cccc(F)c3)nc2=O)N1,0.8701251745223999,0.8909481167793274,0.8393711447715759,0.28244656324386597,0.5078375935554504,0.2621220052242279,0.1922694891691208,0.958605945110321,0.3485182821750641,0.8169589638710022,0.38535118103027344,0.8708258867263794,-0.2914720476
NVIC0095,O=C(Nc1ccccc1F)N[C@H]1N=C(c2ccccc2)c2ccccc2NC1=O,0.5592052936553955,0.8284584879875183,0.8419180512428284,0.3380896747112274,0.3490990400314331,0.20496128499507904,0.5137715935707092,0.854402482509613,0.2137681096792221,0.7402163743972778,0.26034456491470337,0.9686902761459351,-0.4330972731
NVIC0096,C/C=C/CC(C)C(O)C1C(=O)NC(CC)C(=O)N(C)CC(=O)N(C)C(CC(C)C)C(=O)NC(C(C)C)C(=O)N(C)C(CC(C)C)C(=O)NC(C)C(=O)NC(C)C(=O)N(C)C(CC(C)C)C(=O)N(C)C(CC(C)C)C(=O)N(C)C(C(C)C)C(=O)N1C,0.19761180877685547,0.3911878168582916,0.44563454389572144,0.36930662393569946,0.17546962201595306,0.10279873013496399,0.3861607313156128,0.8806472420692444,0.1461048424243927,0.5898866653442383,0.9224830865859985,0.7797297239303589,-0.3308220208
NVIC0097,C=C1CC[C@H](O)C/C1=C/C=C1\CCC[C@@]2(C)[C@H]1CC[C@@H]2[C@H](C)CCCC(C)C,0.8081805109977722,0.7544680833816528,0.7790716290473938,0.4834114611148834,0.6343131065368652,0.14215369522571564,0.7777230739593506,0.9013115167617798,0.11253231763839722,0.6181443929672241,0.2418687492609024,0.9803380966186523,0.2853498161
NVIC0098,C[C@@H]1O[C@@H](OC[C@H]2O[C@@H](Oc3c(-c4ccc(O)c(O)c4)oc4cc(O)cc(O)c4c3=O)[C@H](O)[C@@H](O)[C@@H]2O)[C@H](O)[C@H](O)[C@H]1O,0.10672957450151443,0.9466260075569153,0.9701446294784546,0.19440212845802307,0.048114437609910965,0.06344138085842133,0.07329670339822769,0.04355864226818085,0.06993577629327774,0.03104444406926632,0.4733806848526001,0.4010692238807678,-0.2947641313
NVIC0099,CC(=O)c1c(O)c(C)c(O)c(Cc2c(O)c3c(c(C(=O)/C=C/c4ccccc4)c2O)OC(C)(C)C=C3)c1O,0.1307552009820938,0.6375487446784973,0.572077751159668,0.6288884878158569,0.48648953437805176,0.2785520851612091,0.8578124642372131,0.7700831294059753,0.4007354974746704,0.7578867673873901,0.32641303539276123,1.0292270183563232,0.09461671114
NVIC0100,C=C1CC[C@H](O)C/C1=C/C=C1\CCC[C@@]2(C)[C@H]1CC[C@@H]2[C@H](C)CCCC(C)(C)O,0.6959404945373535,0.6071807146072388,0.6034490466117859,0.48622897267341614,0.5048004984855652,0.11011414229869843,0.8348206281661987,0.94999760389328,0.13833807408809662,0.5945237874984741,0.6841673851013184,0.8616609573364258,-0.04977056757
NVIC0101,C1CCC[C@@H]2CCCN3CC[C@H](CCCCCC[C@H]4CCCN5CC[C@H](CC1)O[C@H]45)O[C@H]23,0.8630874156951904,0.9193737506866455,0.914465606212616,0.2966836392879486,0.7356752753257751,0.5145888328552246,0.6003316044807434,0.8456412553787231,0.16394495964050293,0.7728602886199951,0.5834516286849976,0.9328572750091553,0.7306631207
NVIC0102,COc1cc(Nc2c(C#N)cnc3cc(OCCCN4CCN(C)CC4)c(OC)cc23)c(Cl)cc1Cl,0.7594062685966492,0.7614408731460571,0.7259089350700378,0.3787689507007599,0.777249276638031,0.4543114900588989,0.8283006548881531,0.9475685954093933,0.34065866470336914,0.9682103991508484,0.7854500412940979,0.9196681976318359,1.309695959
NVIC0103,C/C=C1\CN2CCc3c([nH]c4ccccc34)C2CC1C(Cc1c[n+]2c(c3[nH]c4ccccc4c13)CC1C(C(=O)OC)=COC(C)C1C2)C(=O)OC,0.5370898842811584,0.6206356287002563,0.5332975387573242,0.4718513786792755,0.5049119591712952,0.29509595036506653,0.7937484979629517,0.977663516998291,0.3530423939228058,0.9605556130409241,0.761389970779419,0.8891333341598511,-0.0547404103
NVIC0104,C/C(=N\NC(=O)c1ccncc1)C(=O)O,0.5006652474403381,0.9620183110237122,0.98246830701828,0.13436605036258698,0.09999199211597443,0.046180885285139084,0.06223785877227783,0.034824248403310776,0.0973321869969368,0.02517799288034439,0.07824006676673889,0.21615633368492126,-0.6125747561
NVIC0105,O=C[C@H](O)[C@@H](O)[C@H](O)[C@H](O)CO[C@H]1O[C@H](CO[C@H]2O[C@H](CO)[C@H](O)[C@H](O)[C@H]2O)[C@H](O)[C@H](O)[C@H]1O,0.16102629899978638,0.9157840013504028,0.9510835409164429,0.184059277176857,0.04109245911240578,0.03937583789229393,0.021572260186076164,0.027128325775265694,0.04614666849374771,0.02861824445426464,0.1380331963300705,-0.06137928367,-0.6750958562
NVIC0106,N#C[C@@]1(c2ccc3c(N)ncnn23)O[C@H](COP(=O)(O)OP(=O)(O)OP(=O)(O)O)[C@@H](O)[C@H]1O,0.17532439529895782,0.8827207088470459,0.9363910555839539,0.21878725290298462,0.044850945472717285,0.06433553248643875,0.048082344233989716,0.08909914642572403,0.05409286543726921,0.03084469400346279,0.5392225384712219,0.43474382162094116,-0.6225736737
NVIC0107,CC(=O)Nc1ccc(/C(C)=N\Nc2nc(Nc3ccccc3)nc(N3CCOCC3)n2)cc1,0.5969505310058594,0.7126493453979492,0.5793867111206055,0.5638670921325684,0.5144924521446228,0.16762414574623108,0.6444693803787231,0.9533088803291321,0.30980682373046875,0.9175809025764465,0.19121608138084412,0.8689115047454834,-0.3116232455
NVIC0108,Cc1cccn2c(=O)c(-c3nn[nH]n3)cnc12,0.8943972587585449,0.9830054640769958,0.993074893951416,0.07806941866874695,0.07085560262203217,0.09707022458314896,0.05196376517415047,0.06663751602172852,0.050033874809741974,0.034998346120119095,0.1166054829955101,0.44720903038978577,-0.02975992486
NVIC0109,NC(=O)c1ccc[n+]([C@@H]2O[C@H](COP(=O)([O-])OP(=O)(O)OC[C@H]3O[C@@H](n4cnc5c(N)ncnc54)[C@H](OP(=O)(O)O)[C@@H]3O)[C@@H](O)[C@H]2O)c1,0.07693541795015335,0.8357535600662231,0.9026450514793396,0.21687915921211243,0.05597275495529175,0.07796154171228409,0.08877082914113998,0.13322530686855316,0.08309349417686462,0.07441461831331253,0.8432353138923645,0.36394408345222473,-0.3596227467
NVIC0110,O=c1cnn([C@@H]2O[C@H](CO)[C@@H](O)[C@H]2O)c(=O)[nH]1,0.42506739497184753,0.9372243881225586,0.9720609784126282,0.14909008145332336,0.05589916557073593,0.042212218046188354,0.03767404705286026,0.03181687742471695,0.06160944700241089,0.03621450811624527,0.10048150271177292,0.07546645402908325,-0.2773220539
NVIC0111,CCOC(=O)C1=C(COCCNc2ccccc2S(=O)(=O)O)NC(C)=C(C(=O)OC)C1c1ccccc1Cl,0.3791343569755554,0.6800553202629089,0.5865809321403503,0.5164706110954285,0.2003149837255478,0.12651978433132172,0.4166719615459442,0.9574883580207825,0.1759587675333023,0.8948028087615967,0.585532009601593,0.9273601770401001,-0.731439352
NVIC0112,COCC(=O)O[C@]1(CCN(C)CCCc2nc3ccccc3[nH]2)CCc2cc(F)ccc2[C@@H]1C(C)C,0.9394322633743286,0.8634626865386963,0.8792877197265625,0.2081812620162964,0.8036078810691833,0.5646954774856567,0.5116598010063171,0.9597556591033936,0.2097795158624649,0.944750189781189,0.7905365824699402,0.8939162492752075,0.6682983637
NVIC0114,CN1C(=O)[C@]23CC4=CC=C[C@H](O)[C@H]4N2C(=O)[C@@]1(CO)SS3,0.6488842368125916,0.8872668743133545,0.9505350589752197,0.1145896315574646,0.08623320609331131,0.05205235257744789,0.0638216957449913,0.26149991154670715,0.05526481196284294,0.1312279999256134,0.20219601690769196,0.033745720982551575,-0.4579062164
NVIC0115,NC(=O)CC[C@@H]1NC(=O)[C@H](Cc2ccccc2)NC(=O)[C@H](Cc2ccc(O)cc2)NC(=O)[C@@H](N)CSSC[C@@H](C(=O)N2CCC[C@H]2C(=O)N[C@@H](CCCN=C(N)N)C(=O)NCC(N)=O)NC(=O)[C@H](CC(N)=O)NC1=O,0.04039765149354935,0.7783638834953308,0.8859482407569885,0.23094479739665985,0.0579192228615284,0.07485607266426086,0.03454228490591049,0.18666687607765198,0.08500649034976959,0.12320869415998459,0.8028824329376221,0.35418808460235596,-0.6463261247
NVIC0116,Cl[La](Cl)Cl,0.9369922876358032,0.9892237782478333,0.9935696125030518,0.08321511000394821,0.21122747659683228,0.09722652286291122,0.037602610886096954,0.11092660576105118,0.060681045055389404,0.007693997584283352,0.02414514124393463,0.4336218237876892,0.09844636917
NVIC0117,CCN(CCCC(C)Nc1ccnc2cc(Cl)ccc12)CCOP(=O)(O)OOP(=O)(O)O,0.15006795525550842,0.8089147806167603,0.8387174010276794,0.2938079833984375,0.07958093285560608,0.14384636282920837,0.09790249913930893,0.4792901873588562,0.12250735610723495,0.14920096099376678,0.8686074614524841,0.6707934141159058,-0.3959720433
NVIC0118,C[C@H](CCCC(C)(C)O)[C@H]1CC[C@H]2[C@@H]3CC=C4C[C@@H](O)CC[C@]4(C)[C@H]3CC[C@@]21C,0.9224736094474792,0.8864412307739258,0.9066681265830994,0.33446913957595825,0.6409168243408203,0.311044842004776,0.5654090642929077,0.8930866122245789,0.09201323986053467,0.6524615287780762,0.22312435507774353,0.9841994047164917,0.2488985658
NVIC0120,O=c1[nH]c2cc(Cl)cc(Cl)c2c(O)c1SCCCc1cncnc1,0.5812313556671143,0.8783009052276611,0.8725534081459045,0.3090280294418335,0.4131146967411041,0.26698458194732666,0.25675275921821594,0.8193767666816711,0.35457226634025574,0.7238471508026123,0.15905755758285522,0.9381988048553467,-0.2897063792
NVIC0121,C[C@H](C[C@H](C)C(=O)/C=C(\O)[C@H](C)C[C@H](C)C/C=C/[C@@H](C)[C@@H](O)[C@@H](C)[C@@H](O)C[C@@H]1CC[C@@](C)([C@H]2CC[C@@](C)([C@@H](C)O)O2)O1)C[C@H](C)CCC(=O)O,0.13036392629146576,0.3186982274055481,0.39106082916259766,0.5350808501243591,0.21874111890792847,0.13203348219394684,0.753099799156189,0.8106493353843689,0.13093210756778717,0.6689526438713074,0.662116289138794,0.9030404090881348,-0.2848541439
NVIC0122,O=C1CN(/N=C/c2ccc(-c3ccc([N+](=O)[O-])cc3)o2)C(=O)N1,0.9249635338783264,0.9562570452690125,0.9710357785224915,0.144731804728508,0.32493022084236145,0.17487363517284393,0.34702110290527344,0.6664645671844482,0.13926048576831818,0.5863083004951477,0.09028396755456924,0.8825106620788574,-0.4565064609
NVIC0123,COc1ccc2cc1Oc1ccc(cc1)C[C@H]1c3cc(c(OC)cc3CCN1C)Oc1c(OC)c(OC)cc3c1[C@H](C2)N(C)CC3,0.690213143825531,0.7523117065429688,0.7134837508201599,0.5557003617286682,0.696744441986084,0.3549894094467163,0.859252393245697,0.9474785923957825,0.26883500814437866,0.961150586605072,0.7379204034805298,0.9618855714797974,1.561637878
NVIC0124,C=CCc1cccc2cc(C(=O)Nc3ccccc3C(=O)O)c(=O)oc12,0.5896955728530884,0.7298675775527954,0.8630266785621643,0.2438037395477295,0.21125297248363495,0.18896140158176422,0.4430007338523865,0.7635552883148193,0.07682663202285767,0.45804765820503235,0.12056159228086472,0.9918986558914185,-0.451482147
NVIC0125,CCNc1nc(NC(C)(C)C)nc(N(C#N)CC(=O)OC)n1,0.925022304058075,0.9177952408790588,0.9319319128990173,0.16920532286167145,0.4505266845226288,0.30491724610328674,0.3790322244167328,0.8150553703308105,0.12323518097400665,0.5570242404937744,0.05412931740283966,0.9688829183578491,-0.7224118114
NVIC0126,Cc1ccc(-n2c3c(cc(C(=O)N4CCOCC4)c2=O)C(=O)CC(C)(C)C3)cc1,0.9179997444152832,0.9139126539230347,0.9614385366439819,0.09799826145172119,0.2069585919380188,0.2287590652704239,0.14647948741912842,0.7997962832450867,0.07481943815946579,0.695982813835144,0.15096624195575714,0.8670616149902344,-0.6246750355
NVIC0127,C(=N/Nc1nc(Nc2ccccc2)nc(N2CCOCC2)n1)\c1cccnc1,0.4973100423812866,0.8303596377372742,0.7997326254844666,0.3958616554737091,0.43862736225128174,0.16587473452091217,0.447407990694046,0.7529585361480713,0.34701332449913025,0.5485675930976868,0.08917555958032608,0.8457227945327759,-0.4656630754
NVIC0128,O=S(=O)(Nc1ccc(-n2cnnn2)cc1)c1ccc(F)c(F)c1,0.6983602046966553,0.7961476445198059,0.8508176803588867,0.3396478593349457,0.1628938466310501,0.15485966205596924,0.12568096816539764,0.7811000347137451,0.10292402654886246,0.3939712643623352,0.04584064707159996,0.9275516271591187,-0.6119861007
NVIC0129,COC(=O)CN(C#N)c1nc(NC(C)C)nc(NC(C)C)n1,0.9141492247581482,0.9237669706344604,0.9498878717422485,0.12548790872097015,0.3737007975578308,0.322365939617157,0.35088050365448,0.7510085701942444,0.08380267769098282,0.5308635234832764,0.11599666625261307,0.9689875841140747,-0.641944468
NVIC0130,O=C(O)CCCc1c[nH]c2ccccc12,0.8894803524017334,0.9455738067626953,0.9800469279289246,0.16330274939537048,0.11802591383457184,0.038490284234285355,0.17793340981006622,0.18498364090919495,0.01729891076683998,0.03850971534848213,0.02907787635922432,0.8265353441238403,-0.565700233
NVIC0131,O=C(O)c1c[nH]c2cccc(C(=O)O)c2c1=O,0.5393555760383606,0.943030059337616,0.9837409257888794,0.16617338359355927,0.040641479194164276,0.02581019140779972,0.06666790693998337,0.03790528327226639,0.017300590872764587,0.018114952370524406,0.04202905297279358,0.5563977956771851,-0.4855233729
NVIC0132,Cc1ccc(NC(=O)N[C@@H](C(=O)N2CCc3ccccc32)c2ccccc2)cc1,0.788141667842865,0.8519588112831116,0.8598297238349915,0.2387542575597763,0.40356072783470154,0.2786465585231781,0.27174121141433716,0.9601957201957703,0.23646241426467896,0.9222947955131531,0.2444315105676651,1.003902792930603,-0.5336254835
NVIC0133,OC[C@H]1O[C@H](OC[C@H]2O[C@H](OC[C@H]3O[C@H](OC4[C@@H](O)[C@@H](O)C(O)[C@@H](O)[C@@H]4O)[C@H](O)[C@@H](O)[C@H]3O)[C@H](O)[C@@H](O)[C@H]2O)[C@H](O)[C@@H](O)[C@H]1O,0.13495223224163055,0.8983219861984253,0.9408654570579529,0.20053395628929138,0.03669314831495285,0.03922377899289131,0.02472802624106407,0.03639503940939903,0.04501762241125107,0.03497560694813728,0.16724447906017303,6.985664367675781e-05,-0.6908310652
NVIC0134,CCc1ccc(C2c3[nH]c4ccccc4c3CCN2C(=O)C2CCC2)cc1,0.7635646462440491,0.7865408658981323,0.7930169105529785,0.40832334756851196,0.438418984413147,0.10866522043943405,0.6486005783081055,0.9730463027954102,0.15612497925758362,0.9213333129882812,0.11935199052095413,1.0545070171356201,0.002934139222
NVIC0135,CC[C@]1(CC2CC(C(=O)OC)=C3Nc4ccccc4[C@]34NCC(Cc3ccccc3)[C@@H]24)COC(C)(C)O1,0.7101938724517822,0.7496656775474548,0.6958798766136169,0.41152775287628174,0.7718454599380493,0.45207908749580383,0.791145920753479,0.9724782109260559,0.3218444585800171,0.981044352054596,0.8099270462989807,1.0097947120666504,0.4542853534
NVIC0136,Cc1ccc(S(=O)(=O)CC(=O)NC2NC(c3ccc(O)cc3)=CS2)cc1,0.5202385187149048,0.8679822087287903,0.9227849245071411,0.17079003155231476,0.13110774755477905,0.21734721958637238,0.09232925623655319,0.550014317035675,0.09713301807641983,0.29112663865089417,0.328819215297699,0.9361597299575806,-0.3433973491
NVIC0137,O=C(c1nc(F)cnc1O)N1CCN(c2nnc(-c3ccccc3)o2)CC1,0.8499624133110046,0.9633430242538452,0.9845625758171082,0.07643280178308487,0.1641734540462494,0.20167580246925354,0.12947963178157806,0.419869989156723,0.09093748033046722,0.3751541078090668,0.18749333918094635,0.7739177942276001,-0.3690505326
NVIC0138,O=C(c1nc(F)cnc1O)N1CCN(c2nnc(-c3ccc(Cl)cc3)o2)CC1,0.8279730081558228,0.9334065914154053,0.9652710556983948,0.11313047260046005,0.24573493003845215,0.2605805993080139,0.2724682688713074,0.6799265742301941,0.10996856540441513,0.5276814103126526,0.2511126399040222,0.8768310546875,-0.4172257483
NVIC0139,O=C(c1nc(F)cnc1O)N1CCN(c2nnc(-c3ccc(O)cc3)o2)CC1,0.5948585867881775,0.9656923413276672,0.9857462644577026,0.09026270359754562,0.09633687138557434,0.15689648687839508,0.05062149465084076,0.19470350444316864,0.08195766061544418,0.12075213342905045,0.22623926401138306,0.7621152400970459,-0.2283723503
NVIC0140,CN(C(=O)CC(=O)N(C)c1c(I)c(C(=O)NC(CO)C(O)CO)c(I)c(C(=O)NC(CO)C(O)CO)c1I)c1c(I)c(C(=O)NC(CO)C(O)CO)c(I)c(C(=O)NC(CO)C(O)CO)c1I,0.1650710105895996,0.7908878922462463,0.8471431732177734,0.21706736087799072,0.0802680179476738,0.13420230150222778,0.06165872886776924,0.15652617812156677,0.07016909122467041,0.13103100657463074,0.39255931973457336,0.1693955808877945,-0.6370142102
NVIC0141,Nc1ncnn2c([C@@H]3O[C@H](COP(=O)(O)O)C(O)C3O)ccc12,0.10137923806905746,0.8878070116043091,0.9411023259162903,0.2180831879377365,0.038076478987932205,0.061228182166814804,0.030017929151654243,0.06145403906702995,0.05115457624197006,0.033702488988637924,0.46865764260292053,0.4149177670478821,-0.6063782573
NVIC0142,CC=C1CNC2CC34c5ccccc5N[C@H]3C(C)CC1C2C4OC(C)=O,0.9436774253845215,0.9430904984474182,0.964245080947876,0.11185957491397858,0.702654242515564,0.5657950043678284,0.35723334550857544,0.8291575908660889,0.12687648832798004,0.5093243718147278,0.7618575692176819,0.7996891736984253,0.40121012926101685