name1,name2,TanimotoCoefficient
NVIC_0002,CNP0188010.1,1.0
NVIC_0002,CNP0241154.2,0.8428571428571429
NVIC_0002,CNP0116309.2,0.828125
NVIC_0002,CNP0241154.1,0.8428571428571429
NVIC_0002,CNP0116309.3,0.828125
NVIC_0002,CNP0116309.1,0.828125
NVIC_0002,CNP0402956.1,0.828125
NVIC_0002,CNP0188663.1,0.8428571428571429
NVIC_0002,CNP0172713.1,0.8805970149253731
NVIC_0002,CNP0485996.1,0.8571428571428571
NVIC_0003,CNP0434774.1,1.0
NVIC_0007,CNP0154601.2,1.0
NVIC_0007,CNP0154601.1,1.0
NVIC_0007,CNP0154601.3,1.0
NVIC_0007,CNP0546166.1,0.8405797101449275
NVIC_0009,CNP0299666.0,1.0
NVIC_0010,CNP0197124.1,0.835820895522388
NVIC_0010,CNP0235895.1,0.8805970149253731
NVIC_0010,CNP0150430.1,0.8636363636363636
NVIC_0010,CNP0174856.4,1.0
NVIC_0010,CNP0174856.2,1.0
NVIC_0010,CNP0174856.3,1.0
NVIC_0010,CNP0235895.2,0.8805970149253731
NVIC_0010,CNP0174856.1,1.0
NVIC_0011,CNP0298366.0,0.8108108108108109
NVIC_0011,CNP0298404.0,1.0
NVIC_0011,CNP0216887.0,0.8108108108108109
NVIC_0012,CNP0252513.4,1.0
NVIC_0012,CNP0246211.13,1.0
NVIC_0012,CNP0208561.14,0.8421052631578947
NVIC_0012,CNP0208561.4,0.8421052631578947
NVIC_0012,CNP0208561.8,0.8421052631578947
NVIC_0012,CNP0208561.2,0.8421052631578947
NVIC_0012,CNP0252513.1,1.0
NVIC_0012,CNP0208561.15,0.8421052631578947
NVIC_0012,CNP0507844.1,0.8222222222222222
NVIC_0012,CNP0292378.3,1.0
NVIC_0012,CNP0208561.6,0.8421052631578947
NVIC_0012,CNP0208561.12,0.8421052631578947
NVIC_0012,CNP0246211.7,1.0
NVIC_0012,CNP0246211.18,1.0
NVIC_0012,CNP0252513.3,1.0
NVIC_0012,CNP0208561.10,0.8421052631578947
NVIC_0012,CNP0246211.4,1.0
NVIC_0012,CNP0246211.2,1.0
NVIC_0012,CNP0208561.9,0.8421052631578947
NVIC_0012,CNP0207672.3,0.9230769230769231
NVIC_0012,CNP0091176.1,0.8222222222222222
NVIC_0012,CNP0208561.1,0.8421052631578947
NVIC_0012,CNP0246211.15,1.0
NVIC_0012,CNP0208561.17,0.8421052631578947
NVIC_0012,CNP0263945.2,0.8444444444444444
NVIC_0012,CNP0263945.1,0.8444444444444444
NVIC_0012,CNP0207672.4,0.9230769230769231
NVIC_0012,CNP0246211.5,1.0
NVIC_0012,CNP0207672.5,0.9230769230769231
NVIC_0012,CNP0167209.6,0.9743589743589743
NVIC_0012,CNP0327945.1,1.0
NVIC_0012,CNP0207672.2,0.9230769230769231
NVIC_0012,CNP0246211.20,1.0
NVIC_0012,CNP0246211.16,1.0
NVIC_0012,CNP0167209.5,1.0
NVIC_0012,CNP0261531.2,0.8536585365853658
NVIC_0012,CNP0292378.2,1.0
NVIC_0012,CNP0167209.4,1.0
NVIC_0012,CNP0167209.2,1.0
NVIC_0012,CNP0358957.2,0.9487179487179487
NVIC_0012,CNP0246211.3,1.0
NVIC_0012,CNP0292378.1,1.0
NVIC_0012,CNP0254449.0,0.9487179487179487
NVIC_0012,CNP0167209.3,1.0
NVIC_0012,CNP0208561.11,0.8421052631578947
NVIC_0012,CNP0198302.1,1.0
NVIC_0012,CNP0212541.1,0.8444444444444444
NVIC_0012,CNP0252513.5,1.0
NVIC_0012,CNP0246211.14,1.0
NVIC_0012,CNP0208561.13,0.8421052631578947
NVIC_0012,CNP0292378.4,1.0
NVIC_0012,CNP0213246.1,0.8536585365853658
NVIC_0012,CNP0358957.1,0.9487179487179487
NVIC_0012,CNP0182090.1,0.8444444444444444
NVIC_0012,CNP0165739.0,0.8604651162790697
NVIC_0012,CNP0358957.3,0.9487179487179487
NVIC_0012,CNP0167209.1,1.0
NVIC_0012,CNP0208561.16,0.8421052631578947
NVIC_0012,CNP0246211.11,1.0
NVIC_0012,CNP0246211.21,1.0
NVIC_0012,CNP0207672.1,0.9230769230769231
NVIC_0012,CNP0208561.5,0.8421052631578947
NVIC_0012,CNP0261531.1,0.8536585365853658
NVIC_0012,CNP0137448.1,0.8536585365853658
NVIC_0012,CNP0288787.1,0.8222222222222222
NVIC_0012,CNP0246211.19,1.0
NVIC_0012,CNP0246211.12,1.0
NVIC_0012,CNP0246211.10,1.0
NVIC_0012,CNP0252513.2,1.0
NVIC_0012,CNP0246211.1,1.0
NVIC_0012,CNP0208561.7,0.8421052631578947
NVIC_0012,CNP0246211.17,0.9743589743589743
NVIC_0012,CNP0246211.8,1.0
NVIC_0012,CNP0208561.3,0.8421052631578947
NVIC_0012,CNP0246211.9,1.0
NVIC_0012,CNP0208561.18,0.8421052631578947
NVIC_0014,CNP0341810.0,0.8375
NVIC_0014,CNP0374515.1,1.0
NVIC_0014,CNP0433776.1,0.8375
NVIC_0014,CNP0374515.2,1.0
NVIC_0016,CNP0571165.0,1.0
NVIC_0017,CNP0102858.2,1.0
NVIC_0017,CNP0102858.1,1.0
NVIC_0018,CNP0083994.1,0.9375
NVIC_0018,CNP0002314.1,0.9375
NVIC_0018,CNP0535059.1,1.0
NVIC_0018,CNP0535059.2,1.0
NVIC_0021,CNP0525418.0,1.0
NVIC_0022,CNP0072228.2,1.0
NVIC_0022,CNP0072228.1,1.0
NVIC_0023,CNP0071982.1,1.0
NVIC_0023,CNP0071982.2,1.0
NVIC_0023,CNP0071982.3,1.0
NVIC_0024,CNP0152714.2,1.0
NVIC_0024,CNP0307651.1,1.0
NVIC_0024,CNP0277493.3,0.8571428571428571
NVIC_0024,CNP0277493.1,0.8571428571428571
NVIC_0024,CNP0277493.2,0.8571428571428571
NVIC_0024,CNP0152714.1,1.0
NVIC_0027,CNP0481758.1,1.0
NVIC_0028,CNP0282875.4,1.0
NVIC_0028,CNP0282875.7,1.0
NVIC_0028,CNP0282875.5,1.0
NVIC_0028,CNP0209439.1,0.8333333333333334
NVIC_0028,CNP0282875.6,1.0
NVIC_0028,CNP0114342.1,0.8421052631578947
NVIC_0028,CNP0282875.1,1.0
NVIC_0028,CNP0282875.3,1.0
NVIC_0028,CNP0230081.1,0.8157894736842105
NVIC_0028,CNP0282875.2,1.0
NVIC_0028,CNP0328796.1,0.8108108108108109
NVIC_0029,CNP0490497.0,1.0
NVIC_0030,CNP0182579.0,1.0
NVIC_0031,CNP0561177.0,1.0
NVIC_0035,CNP0354634.0,1.0
NVIC_0037,CNP0349879.0,1.0
NVIC_0038,CNP0564169.1,1.0
NVIC_0039,CNP0128332.0,1.0
NVIC_0047,CNP0423477.2,0.8541666666666666
NVIC_0048,CNP0355625.0,1.0
NVIC_0048,CNP0062165.0,0.8235294117647058
NVIC_0049,CNP0596870.0,1.0
NVIC_0050,CNP0571275.0,1.0
NVIC_0051,CNP0228556.0,1.0
NVIC_0052,CNP0140121.0,0.8181818181818182
NVIC_0052,CNP0474708.0,0.8653846153846154
NVIC_0052,CNP0117929.1,1.0
NVIC_0052,CNP0580098.0,0.8867924528301887
NVIC_0052,CNP0117929.2,1.0
NVIC_0054,CNP0341125.1,0.86
NVIC_0054,CNP0153668.1,1.0
NVIC_0054,CNP0153668.2,1.0
NVIC_0054,CNP0341125.2,0.86
NVIC_0055,CNP0205414.1,0.9629629629629629
NVIC_0055,CNP0205414.2,0.9629629629629629
NVIC_0055,CNP0574589.0,0.8135593220338984
NVIC_0056,CNP0542002.1,1.0
NVIC_0056,CNP0085219.1,1.0
NVIC_0056,CNP0249252.1,0.8611111111111112
NVIC_0056,CNP0249252.2,0.8611111111111112
NVIC_0056,CNP0312395.1,0.8133333333333334
NVIC_0056,CNP0108995.2,0.8493150684931506
NVIC_0056,CNP0242931.1,1.0
NVIC_0056,CNP0242931.2,1.0
NVIC_0056,CNP0108995.1,0.8493150684931506
NVIC_0056,CNP0293318.1,1.0
NVIC_0056,CNP0392058.1,1.0
NVIC_0056,CNP0307450.2,1.0
NVIC_0056,CNP0307450.3,1.0
NVIC_0056,CNP0307450.1,1.0
NVIC_0056,CNP0143970.1,0.8857142857142857
NVIC_0056,CNP0048366.1,0.9117647058823529
NVIC_0056,CNP0479866.1,0.8243243243243243
NVIC_0056,CNP0085219.2,1.0
NVIC_0056,CNP0249252.3,0.8611111111111112
NVIC_0056,CNP0048366.2,0.9117647058823529
NVIC_0056,CNP0202745.3,0.8133333333333334
NVIC_0056,CNP0290943.1,0.8513513513513513
NVIC_0056,CNP0212811.2,0.8857142857142857
NVIC_0056,CNP0202745.2,0.8133333333333334
NVIC_0056,CNP0212811.1,0.8857142857142857
NVIC_0056,CNP0108995.3,0.8493150684931506
NVIC_0056,CNP0202745.1,0.8133333333333334
NVIC_0056,CNP0307450.4,1.0
NVIC_0056,CNP0328176.1,0.8857142857142857
NVIC_0057,CNP0269640.0,1.0
NVIC_0058,CNP0228259.3,0.8289473684210527
NVIC_0058,CNP0253898.2,1.0
NVIC_0058,CNP0221000.11,0.8767123287671232
NVIC_0058,CNP0221000.4,0.8767123287671232
NVIC_0058,CNP0253898.5,0.9857142857142858
NVIC_0058,CNP0104705.4,0.8051948051948052
NVIC_0058,CNP0159823.3,0.8133333333333334
NVIC_0058,CNP0253898.6,0.9857142857142858
NVIC_0058,CNP0104705.2,0.8051948051948052
NVIC_0058,CNP0115490.1,0.8108108108108109
NVIC_0058,CNP0253898.8,1.0
NVIC_0058,CNP0253898.11,0.9857142857142858
NVIC_0058,CNP0115490.2,0.8108108108108109
NVIC_0058,CNP0159823.2,0.8133333333333334
NVIC_0058,CNP0221000.9,0.8767123287671232
NVIC_0058,CNP0221000.3,0.8767123287671232
NVIC_0058,CNP0134577.2,0.8309859154929577
NVIC_0058,CNP0326893.1,0.8493150684931506
NVIC_0058,CNP0253898.9,1.0
NVIC_0058,CNP0320592.2,0.825
NVIC_0058,CNP0499758.1,0.9054054054054054
NVIC_0058,CNP0221000.10,0.8767123287671232
NVIC_0058,CNP0253898.7,1.0
NVIC_0058,CNP0104705.1,0.8051948051948052
NVIC_0058,CNP0221000.7,0.8648648648648649
NVIC_0058,CNP0159823.1,0.8133333333333334
NVIC_0058,CNP0221000.5,0.8648648648648649
NVIC_0058,CNP0104705.3,0.8051948051948052
NVIC_0058,CNP0221000.8,0.8767123287671232
NVIC_0058,CNP0253898.3,1.0
NVIC_0058,CNP0494710.1,0.8266666666666667
NVIC_0058,CNP0159823.4,0.8133333333333334
NVIC_0058,CNP0320592.1,0.825
NVIC_0058,CNP0376054.1,0.8421052631578947
NVIC_0058,CNP0228259.4,0.8289473684210527
NVIC_0058,CNP0134577.3,0.8309859154929577
NVIC_0058,CNP0221000.14,0.8767123287671232
NVIC_0058,CNP0228259.1,0.8289473684210527
NVIC_0058,CNP0221000.13,0.8767123287671232
NVIC_0058,CNP0221000.12,0.8767123287671232
NVIC_0058,CNP0134577.1,0.8309859154929577
NVIC_0058,CNP0253898.10,1.0
NVIC_0058,CNP0221000.6,0.8648648648648649
NVIC_0058,CNP0228259.2,0.8289473684210527
NVIC_0061,CNP0330356.0,1.0
NVIC_0062,CNP0483455.0,0.9642857142857143
NVIC_0062,CNP0562978.0,1.0
NVIC_0062,CNP0569731.0,0.8709677419354839
NVIC_0062,CNP0573744.0,0.8181818181818182
NVIC_0063,CNP0074081.0,1.0
NVIC_0064,CNP0479397.0,0.8409090909090909
NVIC_0064,CNP0508530.0,1.0
NVIC_0064,CNP0459136.0,0.9487179487179487
NVIC_0065,CNP0294015.2,1.0
NVIC_0065,CNP0294015.1,1.0
NVIC_0066,CNP0447234.1,1.0
NVIC_0068,CNP0265401.4,0.9041095890410958
NVIC_0068,CNP0265401.2,0.9041095890410958
NVIC_0068,CNP0222405.2,1.0
NVIC_0068,CNP0222405.5,0.8356164383561644
NVIC_0068,CNP0222405.6,1.0
NVIC_0068,CNP0265401.3,0.9041095890410958
NVIC_0068,CNP0222405.4,0.9850746268656716
NVIC_0068,CNP0265401.5,0.9041095890410958
NVIC_0068,CNP0265401.1,0.9041095890410958
NVIC_0068,CNP0222405.1,1.0
NVIC_0068,CNP0222405.3,0.8356164383561644
NVIC_0069,CNP0141020.7,1.0
NVIC_0069,CNP0141020.11,1.0
NVIC_0069,CNP0141020.2,1.0
NVIC_0069,CNP0141020.5,1.0
NVIC_0069,CNP0429736.1,0.8222222222222222
NVIC_0069,CNP0141020.4,1.0
NVIC_0069,CNP0141020.8,1.0
NVIC_0069,CNP0141020.10,1.0
NVIC_0069,CNP0141020.6,1.0
NVIC_0069,CNP0141020.9,1.0
NVIC_0069,CNP0141020.3,1.0
NVIC_0069,CNP0141020.1,1.0
NVIC_0070,CNP0588974.1,0.8214285714285714
NVIC_0070,CNP0588974.2,0.8214285714285714
NVIC_0070,CNP0147621.0,1.0
NVIC_0070,CNP0311564.0,0.8823529411764706
NVIC_0070,CNP0495174.1,0.8941176470588236
NVIC_0070,CNP0281653.0,0.8372093023255814
NVIC_0071,CNP0218028.1,1.0
NVIC_0071,CNP0218028.2,1.0
NVIC_0071,CNP0175595.2,0.8157894736842105
NVIC_0071,CNP0129663.1,0.8055555555555556
NVIC_0071,CNP0175595.1,0.8157894736842105
NVIC_0071,CNP0129663.2,0.8055555555555556
NVIC_0072,CNP0161215.3,1.0
NVIC_0072,CNP0319885.4,0.8846153846153846
NVIC_0072,CNP0272664.1,0.8148148148148148
NVIC_0072,CNP0161215.5,0.8987341772151899
NVIC_0072,CNP0161215.2,1.0
NVIC_0072,CNP0319885.3,0.8846153846153846
NVIC_0072,CNP0161215.10,1.0
NVIC_0072,CNP0140671.1,0.8481012658227848
NVIC_0072,CNP0340201.1,0.8271604938271605
NVIC_0072,CNP0140671.2,0.8481012658227848
NVIC_0072,CNP0161215.8,0.8987341772151899
NVIC_0072,CNP0422291.1,0.8831168831168831
NVIC_0072,CNP0161215.6,0.8987341772151899
NVIC_0072,CNP0272664.2,0.8148148148148148
NVIC_0072,CNP0161215.4,0.8987341772151899
NVIC_0072,CNP0422291.4,0.8831168831168831
NVIC_0072,CNP0422291.3,0.8831168831168831
NVIC_0072,CNP0161215.7,1.0
NVIC_0072,CNP0161215.9,1.0
NVIC_0072,CNP0249687.1,0.875
NVIC_0072,CNP0450449.1,0.85
NVIC_0072,CNP0319885.2,0.8846153846153846
NVIC_0072,CNP0422291.2,0.8831168831168831
NVIC_0072,CNP0319885.1,0.8846153846153846
NVIC_0072,CNP0161215.1,0.8987341772151899
NVIC_0072,CNP0249687.2,0.875
NVIC_0079,CNP0240900.0,0.8846153846153846
NVIC_0079,CNP0255353.0,1.0
NVIC_0079,CNP0018599.0,0.9583333333333334
NVIC_0079,CNP0182003.0,0.9166666666666666
NVIC_0079,CNP0212832.0,0.8461538461538461
NVIC_0079,CNP0276161.0,0.8214285714285714
NVIC_0079,CNP0253106.0,0.8846153846153846
NVIC_0079,CNP0182779.0,1.0
NVIC_0079,CNP0416601.0,0.8461538461538461
NVIC_0079,CNP0370696.0,0.9166666666666666
NVIC_0079,CNP0153002.0,0.84
NVIC_0079,CNP0153046.0,0.8846153846153846
NVIC_0079,CNP0261014.0,0.9166666666666666
NVIC_0079,CNP0281671.0,0.88
NVIC_0079,CNP0018721.0,0.8846153846153846
NVIC_0079,CNP0428289.0,0.9583333333333334
NVIC_0079,CNP0333814.0,0.88
NVIC_0079,CNP0213855.0,0.88
NVIC_0079,CNP0138112.0,0.8148148148148148
NVIC_0079,CNP0225151.0,1.0
NVIC_0079,CNP0297069.0,1.0
NVIC_0079,CNP0126011.0,0.8461538461538461
NVIC_0079,CNP0491019.0,1.0
NVIC_0079,CNP0337651.0,0.8846153846153846
NVIC_0079,CNP0294813.0,0.8518518518518519
NVIC_0079,CNP0410670.0,1.0
NVIC_0079,CNP0194582.0,0.8846153846153846
NVIC_0079,CNP0280814.0,0.8846153846153846
NVIC_0079,CNP0220619.0,0.9166666666666666
NVIC_0079,CNP0472480.0,0.8846153846153846
NVIC_0079,CNP0245853.0,0.84
NVIC_0079,CNP0272289.0,1.0
NVIC_0079,CNP0206388.0,1.0
NVIC_0079,CNP0152945.0,0.9583333333333334
NVIC_0079,CNP0192208.0,0.8148148148148148
NVIC_0079,CNP0269515.0,1.0
NVIC_0079,CNP0322371.0,1.0
NVIC_0079,CNP0181626.0,0.84
NVIC_0079,CNP0076290.0,1.0
NVIC_0079,CNP0122538.0,0.8461538461538461
NVIC_0079,CNP0344422.0,0.88
NVIC_0079,CNP0436365.0,1.0
NVIC_0079,CNP0018389.0,0.88
NVIC_0079,CNP0155826.0,0.9166666666666666
NVIC_0079,CNP0290765.0,0.9166666666666666
NVIC_0079,CNP0264980.0,1.0
NVIC_0079,CNP0141057.0,1.0
NVIC_0079,CNP0101470.0,0.88
NVIC_0079,CNP0193211.0,0.8846153846153846
NVIC_0079,CNP0251263.0,0.8148148148148148
NVIC_0079,CNP0158801.0,0.88
NVIC_0079,CNP0003633.0,1.0
NVIC_0079,CNP0104208.0,1.0
NVIC_0079,CNP0293546.0,1.0
NVIC_0079,CNP0045938.0,0.88
NVIC_0079,CNP0018207.0,0.9583333333333334
NVIC_0079,CNP0306187.0,0.9583333333333334
NVIC_0079,CNP0207342.0,0.8846153846153846
NVIC_0079,CNP0435406.0,0.84
NVIC_0079,CNP0039066.0,0.88
NVIC_0079,CNP0163257.0,0.9166666666666666
NVIC_0079,CNP0151710.0,0.8846153846153846
NVIC_0079,CNP0270435.0,0.88
NVIC_0079,CNP0223953.0,0.84
NVIC_0079,CNP0325773.0,0.8148148148148148
NVIC_0079,CNP0184824.0,0.9166666666666666
NVIC_0079,CNP0116353.0,1.0
NVIC_0079,CNP0117637.0,1.0
NVIC_0079,CNP0296812.0,0.8846153846153846
NVIC_0079,CNP0166480.0,0.8846153846153846
NVIC_0079,CNP0018277.0,0.8076923076923077
NVIC_0079,CNP0018208.0,0.9583333333333334
NVIC_0079,CNP0278514.0,1.0
NVIC_0079,CNP0159842.0,0.88
NVIC_0079,CNP0237400.0,1.0
NVIC_0079,CNP0138152.0,0.88
NVIC_0079,CNP0175448.0,1.0
NVIC_0079,CNP0307038.0,1.0
NVIC_0079,CNP0248328.0,0.88
NVIC_0079,CNP0428042.0,0.9166666666666666
NVIC_0079,CNP0133125.0,0.84
NVIC_0079,CNP0377127.0,1.0
NVIC_0079,CNP0522097.0,1.0
NVIC_0079,CNP0354627.0,0.9583333333333334
NVIC_0079,CNP0313356.0,0.88
NVIC_0079,CNP0183086.0,0.88
NVIC_0079,CNP0259468.0,0.9583333333333334
NVIC_0079,CNP0099103.0,1.0
NVIC_0079,CNP0018636.0,1.0
NVIC_0079,CNP0383129.0,1.0
NVIC_0079,CNP0150633.0,1.0
NVIC_0079,CNP0018456.0,1.0
NVIC_0079,CNP0255467.0,0.88
NVIC_0079,CNP0234935.0,0.8846153846153846
NVIC_0079,CNP0252758.0,1.0
NVIC_0079,CNP0018552.0,0.88
NVIC_0079,CNP0239049.0,1.0
NVIC_0079,CNP0253493.0,0.84
NVIC_0079,CNP0204286.0,0.9166666666666666
NVIC_0079,CNP0264171.0,0.8148148148148148
NVIC_0079,CNP0169031.0,0.8076923076923077
NVIC_0079,CNP0195900.0,0.8846153846153846
NVIC_0079,CNP0136960.0,0.9166666666666666
NVIC_0079,CNP0150109.0,1.0
NVIC_0079,CNP0076699.0,0.8846153846153846
NVIC_0079,CNP0176359.0,0.8846153846153846
NVIC_0079,CNP0435318.0,0.84
NVIC_0079,CNP0018278.0,1.0
NVIC_0079,CNP0055959.0,1.0
NVIC_0079,CNP0114825.0,0.9583333333333334
NVIC_0079,CNP0311478.0,1.0
NVIC_0079,CNP0279148.0,0.88
NVIC_0079,CNP0411143.0,0.88
NVIC_0079,CNP0283159.0,1.0
NVIC_0079,CNP0213131.0,0.84
NVIC_0079,CNP0537438.0,1.0
NVIC_0079,CNP0316208.0,1.0
NVIC_0079,CNP0242672.0,1.0
NVIC_0079,CNP0434451.0,0.8148148148148148
NVIC_0079,CNP0204690.0,1.0
NVIC_0079,CNP0018564.0,1.0
NVIC_0079,CNP0227646.0,0.8076923076923077
NVIC_0079,CNP0452551.0,0.8846153846153846
NVIC_0079,CNP0197931.0,1.0
NVIC_0079,CNP0379231.0,0.8846153846153846
NVIC_0079,CNP0190086.0,0.84
NVIC_0079,CNP0144885.0,1.0
NVIC_0079,CNP0018531.0,1.0
NVIC_0079,CNP0252067.0,0.8846153846153846
NVIC_0079,CNP0217475.0,1.0
NVIC_0079,CNP0264010.0,0.88
NVIC_0079,CNP0243945.0,1.0
NVIC_0079,CNP0018209.0,0.9583333333333334
NVIC_0079,CNP0018590.0,0.88
NVIC_0079,CNP0119359.0,0.88
NVIC_0079,CNP0104547.0,0.9166666666666666
NVIC_0079,CNP0356703.0,0.88
NVIC_0079,CNP0147255.0,0.8846153846153846
NVIC_0079,CNP0280057.0,1.0
NVIC_0079,CNP0035110.0,0.9166666666666666
NVIC_0079,CNP0165284.0,0.8846153846153846
NVIC_0079,CNP0220629.0,0.8846153846153846
NVIC_0079,CNP0118216.0,0.8846153846153846
NVIC_0079,CNP0187858.0,0.84
NVIC_0079,CNP0102827.0,1.0
NVIC_0079,CNP0292488.0,0.9166666666666666
NVIC_0079,CNP0287861.0,0.8518518518518519
NVIC_0079,CNP0231266.0,1.0
NVIC_0079,CNP0547535.0,1.0
NVIC_0079,CNP0227675.0,0.8846153846153846
NVIC_0079,CNP0554604.0,1.0
NVIC_0079,CNP0075820.0,0.8846153846153846
NVIC_0079,CNP0114942.0,0.8076923076923077
NVIC_0079,CNP0326977.0,0.9166666666666666
NVIC_0079,CNP0296382.0,0.84
NVIC_0079,CNP0196728.0,1.0
NVIC_0079,CNP0256208.0,1.0
NVIC_0079,CNP0264631.0,1.0
NVIC_0079,CNP0146200.0,0.8214285714285714
NVIC_0079,CNP0142072.0,1.0
NVIC_0079,CNP0183753.0,0.9166666666666666
NVIC_0079,CNP0274449.0,0.9583333333333334
NVIC_0079,CNP0563323.0,0.9583333333333334
NVIC_0079,CNP0129624.0,0.9166666666666666
NVIC_0079,CNP0360205.0,1.0
NVIC_0079,CNP0221752.0,0.84
NVIC_0079,CNP0242452.0,1.0
NVIC_0079,CNP0352855.0,1.0
NVIC_0079,CNP0145281.0,0.8148148148148148
NVIC_0079,CNP0402546.0,0.9166666666666666
NVIC_0079,CNP0231114.0,0.88
NVIC_0079,CNP0018004.0,0.8461538461538461
NVIC_0079,CNP0300628.0,0.84
NVIC_0079,CNP0263218.0,0.9166666666666666
NVIC_0079,CNP0205137.0,0.88
NVIC_0079,CNP0572538.0,1.0
NVIC_0079,CNP0314863.0,0.8846153846153846
NVIC_0079,CNP0457830.0,0.9583333333333334
NVIC_0079,CNP0573774.0,1.0
NVIC_0079,CNP0243360.0,0.9166666666666666
NVIC_0079,CNP0275417.0,0.9166666666666666
NVIC_0079,CNP0129695.0,0.8846153846153846
NVIC_0079,CNP0018205.0,0.88
NVIC_0079,CNP0076719.0,1.0
NVIC_0079,CNP0210528.0,0.88
NVIC_0079,CNP0176814.0,1.0
NVIC_0079,CNP0160681.0,0.8846153846153846
NVIC_0079,CNP0435367.0,1.0
NVIC_0079,CNP0114146.0,1.0
NVIC_0079,CNP0402096.0,1.0
NVIC_0079,CNP0134294.0,1.0
NVIC_0079,CNP0181450.0,0.8214285714285714
NVIC_0079,CNP0272148.0,1.0
NVIC_0079,CNP0138159.0,1.0
NVIC_0079,CNP0237254.0,1.0
NVIC_0079,CNP0115280.0,1.0
NVIC_0079,CNP0142822.0,0.84
NVIC_0079,CNP0185949.0,0.88
NVIC_0079,CNP0583219.0,1.0
NVIC_0079,CNP0018649.0,0.9583333333333334
NVIC_0079,CNP0089868.0,0.9166666666666666
NVIC_0079,CNP0136432.0,0.9166666666666666
NVIC_0079,CNP0076861.0,0.9166666666666666
NVIC_0079,CNP0330894.0,1.0
NVIC_0079,CNP0586334.0,0.9166666666666666
NVIC_0079,CNP0427947.0,0.84
NVIC_0079,CNP0126394.0,1.0
NVIC_0079,CNP0224078.0,0.8846153846153846
NVIC_0079,CNP0210294.0,1.0
NVIC_0079,CNP0169087.0,1.0
NVIC_0079,CNP0343958.0,0.9166666666666666
NVIC_0079,CNP0254519.0,1.0
NVIC_0079,CNP0018206.0,0.88
NVIC_0079,CNP0307035.0,1.0
NVIC_0079,CNP0592369.0,1.0
NVIC_0079,CNP0285009.0,0.88
NVIC_0079,CNP0088109.0,0.8214285714285714
NVIC_0079,CNP0452443.0,0.8461538461538461
NVIC_0079,CNP0157355.0,1.0
NVIC_0079,CNP0018544.0,1.0
NVIC_0079,CNP0217007.0,0.8214285714285714
NVIC_0079,CNP0017596.0,0.8846153846153846
NVIC_0079,CNP0381706.0,0.8846153846153846
NVIC_0079,CNP0601534.0,1.0
NVIC_0079,CNP0250766.0,1.0
NVIC_0079,CNP0205783.0,1.0
NVIC_0079,CNP0038066.0,0.88
NVIC_0079,CNP0320507.0,0.88
NVIC_0079,CNP0436756.0,0.8148148148148148
NVIC_0079,CNP0189604.0,0.88
NVIC_0079,CNP0107903.0,1.0
NVIC_0079,CNP0380914.0,0.9166666666666666
NVIC_0080,CNP0194818.8,1.0
NVIC_0080,CNP0245665.1,0.8356164383561644
NVIC_0080,CNP0324504.1,0.8840579710144928
NVIC_0080,CNP0159838.5,0.9852941176470589
NVIC_0080,CNP0194818.7,1.0
NVIC_0080,CNP0226171.2,0.8378378378378378
NVIC_0080,CNP0159838.4,0.9852941176470589
NVIC_0080,CNP0272742.1,0.9117647058823529
NVIC_0080,CNP0159838.6,0.9852941176470589
NVIC_0080,CNP0159838.3,0.9852941176470589
NVIC_0080,CNP0324504.2,0.8840579710144928
NVIC_0080,CNP0323839.2,0.8441558441558441
NVIC_0080,CNP0396368.1,0.821917808219178
NVIC_0080,CNP0194818.5,1.0
NVIC_0080,CNP0194818.2,1.0
NVIC_0080,CNP0403043.1,0.8051948051948052
NVIC_0080,CNP0159838.1,0.9852941176470589
NVIC_0080,CNP0194818.6,1.0
NVIC_0080,CNP0226171.1,0.8378378378378378
NVIC_0080,CNP0194818.9,1.0
NVIC_0080,CNP0194818.4,1.0
NVIC_0080,CNP0194818.3,1.0
NVIC_0080,CNP0159838.7,0.9852941176470589
NVIC_0080,CNP0159838.2,0.9852941176470589
NVIC_0080,CNP0194818.1,1.0
NVIC_0080,CNP0323839.1,0.8441558441558441
NVIC_0080,CNP0323839.3,0.8441558441558441
NVIC_0081,CNP0557910.1,1.0
NVIC_0081,CNP0557910.2,1.0
NVIC_0083,CNP0479438.0,0.8222222222222222
NVIC_0083,CNP0502733.2,0.8043478260869565
NVIC_0083,CNP0502733.1,0.8043478260869565
NVIC_0083,CNP0601416.0,1.0
NVIC_0084,CNP0501976.0,0.8974358974358975
NVIC_0084,CNP0565289.0,0.8974358974358975
NVIC_0084,CNP0306111.0,1.0
NVIC_0088,CNP0491889.1,1.0
NVIC_0088,CNP0358139.1,0.8125
NVIC_0090,CNP0464722.0,1.0
NVIC_0091,CNP0248815.2,1.0
NVIC_0091,CNP0248815.1,1.0
NVIC_0093,CNP0260996.2,1.0
NVIC_0093,CNP0260996.3,1.0
NVIC_0096,CNP0172973.1,0.8875
NVIC_0096,CNP0187739.8,1.0
NVIC_0096,CNP0110367.2,0.8028169014084507
NVIC_0096,CNP0548264.1,0.9078947368421053
NVIC_0096,CNP0570143.1,0.8513513513513513
NVIC_0096,CNP0049373.1,0.8095238095238095
NVIC_0096,CNP0522997.1,0.9027777777777778
NVIC_0096,CNP0508938.0,0.8354430379746836
NVIC_0096,CNP0110367.1,0.8028169014084507
NVIC_0096,CNP0187739.6,1.0
NVIC_0096,CNP0187739.2,1.0
NVIC_0096,CNP0524659.1,0.8589743589743589
NVIC_0096,CNP0338866.1,0.9027777777777778
NVIC_0096,CNP0083809.1,0.8987341772151899
NVIC_0096,CNP0287999.1,0.9324324324324325
NVIC_0096,CNP0535027.0,0.8076923076923077
NVIC_0096,CNP0190653.2,0.8717948717948718
NVIC_0096,CNP0510054.1,0.8181818181818182
NVIC_0096,CNP0187739.7,1.0
NVIC_0096,CNP0526466.1,0.8533333333333334
NVIC_0096,CNP0187739.3,1.0
NVIC_0096,CNP0597245.1,0.8148148148148148
NVIC_0096,CNP0553152.1,0.8831168831168831
NVIC_0096,CNP0322096.1,0.881578947368421
NVIC_0096,CNP0190653.1,0.8717948717948718
NVIC_0096,CNP0599373.1,0.8933333333333333
NVIC_0096,CNP0105238.1,0.9166666666666666
NVIC_0096,CNP0193174.1,0.9342105263157895
NVIC_0096,CNP0552713.1,0.8701298701298701
NVIC_0096,CNP0187739.5,1.0
NVIC_0096,CNP0559103.1,0.8947368421052632
NVIC_0096,CNP0289564.1,0.8860759493670886
NVIC_0096,CNP0187739.4,1.0
NVIC_0096,CNP0182411.1,0.8611111111111112
NVIC_0096,CNP0083806.1,0.8875
NVIC_0096,CNP0513473.2,0.9577464788732394
NVIC_0096,CNP0595471.1,0.8266666666666667
NVIC_0096,CNP0605574.1,0.8354430379746836
NVIC_0096,CNP0513358.1,0.9324324324324325
NVIC_0096,CNP0083800.1,0.8701298701298701
NVIC_0096,CNP0236924.1,0.8192771084337349
NVIC_0096,CNP0160554.1,0.8987341772151899
NVIC_0096,CNP0187739.1,1.0
NVIC_0096,CNP0572289.1,0.9210526315789473
NVIC_0096,CNP0598343.1,0.9452054794520548
NVIC_0096,CNP0570143.2,0.8513513513513513
NVIC_0096,CNP0551450.3,0.8666666666666667
NVIC_0096,CNP0513473.1,0.9577464788732394
NVIC_0096,CNP0551450.2,0.8666666666666667
NVIC_0096,CNP0346125.1,0.810126582278481
NVIC_0096,CNP0551450.1,0.8666666666666667
NVIC_0097,CNP0117742.8,1.0
NVIC_0097,CNP0117742.9,1.0
NVIC_0097,CNP0261058.4,0.8135593220338984
NVIC_0097,CNP0117742.12,1.0
NVIC_0097,CNP0117742.10,1.0
NVIC_0097,CNP0117742.7,1.0
NVIC_0097,CNP0261058.3,0.8135593220338984
NVIC_0097,CNP0117742.5,1.0
NVIC_0097,CNP0117742.2,1.0
NVIC_0097,CNP0213230.1,0.8070175438596491
NVIC_0097,CNP0261058.5,0.8135593220338984
NVIC_0097,CNP0261058.1,0.8135593220338984
NVIC_0097,CNP0117742.3,1.0
NVIC_0097,CNP0117742.6,1.0
NVIC_0097,CNP0117742.1,1.0
NVIC_0097,CNP0117742.4,1.0
NVIC_0097,CNP0117742.11,1.0
NVIC_0098,CNP0328636.1,0.8307692307692308
NVIC_0098,CNP0003667.1,0.8309859154929577
NVIC_0098,CNP0223981.5,0.8235294117647058
NVIC_0098,CNP0212937.7,0.84375
NVIC_0098,CNP0145756.6,0.8309859154929577
NVIC_0098,CNP0222584.14,0.873015873015873
NVIC_0098,CNP0212937.17,0.84375
NVIC_0098,CNP0268736.12,0.8507462686567164
NVIC_0098,CNP0120343.7,0.8955223880597015
NVIC_0098,CNP0196376.3,0.8955223880597015
NVIC_0098,CNP0212937.24,0.84375
NVIC_0098,CNP0222584.26,0.873015873015873
NVIC_0098,CNP0268715.17,1.0
NVIC_0098,CNP0222584.11,0.873015873015873
NVIC_0098,CNP0171505.16,0.8333333333333334
NVIC_0098,CNP0238038.1,0.8153846153846154
NVIC_0098,CNP0212937.3,0.84375
NVIC_0098,CNP0328636.3,0.8307692307692308
NVIC_0098,CNP0268715.39,1.0
NVIC_0098,CNP0268736.27,0.8507462686567164
NVIC_0098,CNP0141371.1,0.8235294117647058
NVIC_0098,CNP0141371.3,0.8235294117647058
NVIC_0098,CNP0222584.4,0.873015873015873
NVIC_0098,CNP0212937.2,0.84375
NVIC_0098,CNP0218462.13,0.8805970149253731
NVIC_0098,CNP0268736.4,0.8507462686567164
NVIC_0098,CNP0311476.1,0.84375
NVIC_0098,CNP0173336.6,0.8309859154929577
NVIC_0098,CNP0407665.2,1.0
NVIC_0098,CNP0212937.5,0.84375
NVIC_0098,CNP0407665.1,1.0
NVIC_0098,CNP0212937.6,0.84375
NVIC_0098,CNP0222584.28,0.873015873015873
NVIC_0098,CNP0268736.13,0.8507462686567164
NVIC_0098,CNP0204752.3,0.8382352941176471
NVIC_0098,CNP0268715.42,1.0
NVIC_0098,CNP0222584.16,0.873015873015873
NVIC_0098,CNP0268715.23,1.0
NVIC_0098,CNP0268715.28,1.0
NVIC_0098,CNP0222584.13,0.873015873015873
NVIC_0098,CNP0184447.1,0.8507462686567164
NVIC_0098,CNP0212937.20,0.84375
NVIC_0098,CNP0317393.1,0.873015873015873
NVIC_0098,CNP0175038.5,0.890625
NVIC_0098,CNP0175038.3,0.890625
NVIC_0098,CNP0120343.8,0.8955223880597015
NVIC_0098,CNP0171505.12,0.8333333333333334
NVIC_0098,CNP0268736.18,0.8507462686567164
NVIC_0098,CNP0268715.18,1.0
NVIC_0098,CNP0407665.4,1.0
NVIC_0098,CNP0218462.3,0.8805970149253731
NVIC_0098,CNP0268715.15,1.0
NVIC_0098,CNP0174369.9,0.8382352941176471
NVIC_0098,CNP0223981.3,0.8235294117647058
NVIC_0098,CNP0268715.8,1.0
NVIC_0098,CNP0120343.4,0.8955223880597015
NVIC_0098,CNP0590181.1,0.8028169014084507
NVIC_0098,CNP0196376.4,0.8955223880597015
NVIC_0098,CNP0175038.6,0.890625
NVIC_0098,CNP0339869.1,0.8059701492537313
NVIC_0098,CNP0414411.4,0.8028169014084507
NVIC_0098,CNP0171505.9,0.8333333333333334
NVIC_0098,CNP0301101.1,0.835820895522388
NVIC_0098,CNP0141371.2,0.8235294117647058
NVIC_0098,CNP0268715.13,1.0
NVIC_0098,CNP0268715.32,1.0
NVIC_0098,CNP0174369.2,0.8382352941176471
NVIC_0098,CNP0328636.2,0.8307692307692308
NVIC_0098,CNP0236798.0,0.8571428571428571
NVIC_0098,CNP0212937.10,0.84375
NVIC_0098,CNP0137934.1,0.84375
NVIC_0098,CNP0268715.12,1.0
NVIC_0098,CNP0171505.11,0.8333333333333334
NVIC_0098,CNP0222584.15,0.873015873015873
NVIC_0098,CNP0268715.30,1.0
NVIC_0098,CNP0164573.4,0.8235294117647058
NVIC_0098,CNP0218462.1,0.8805970149253731
NVIC_0098,CNP0268715.43,1.0
NVIC_0098,CNP0174369.10,0.8382352941176471
NVIC_0098,CNP0174369.5,0.8382352941176471
NVIC_0098,CNP0222584.21,0.873015873015873
NVIC_0098,CNP0171505.7,0.8333333333333334
NVIC_0098,CNP0174369.4,0.8382352941176471
NVIC_0098,CNP0268736.29,0.8507462686567164
NVIC_0098,CNP0218462.6,0.8805970149253731
NVIC_0098,CNP0268715.2,1.0
NVIC_0098,CNP0358293.1,0.8059701492537313
NVIC_0098,CNP0212937.11,0.84375
NVIC_0098,CNP0202364.1,0.8088235294117647
NVIC_0098,CNP0204752.4,0.8382352941176471
NVIC_0098,CNP0268715.11,1.0
NVIC_0098,CNP0223981.4,0.8235294117647058
NVIC_0098,CNP0171505.20,0.8333333333333334
NVIC_0098,CNP0317393.4,0.873015873015873
NVIC_0098,CNP0137934.2,0.84375
NVIC_0098,CNP0268736.19,0.8507462686567164
NVIC_0098,CNP0137934.4,0.84375
NVIC_0098,CNP0212937.15,0.84375
NVIC_0098,CNP0175038.9,0.890625
NVIC_0098,CNP0268715.7,1.0
NVIC_0098,CNP0171505.4,0.8333333333333334
NVIC_0098,CNP0268715.19,1.0
NVIC_0098,CNP0248495.4,0.8309859154929577
NVIC_0098,CNP0279732.1,0.8181818181818182
NVIC_0098,CNP0222584.7,0.873015873015873
NVIC_0098,CNP0248495.1,0.8309859154929577
NVIC_0098,CNP0137934.8,0.84375
NVIC_0098,CNP0268715.4,1.0
NVIC_0098,CNP0184447.3,0.8507462686567164
NVIC_0098,CNP0171505.10,0.8333333333333334
NVIC_0098,CNP0171505.25,0.8333333333333334
NVIC_0098,CNP0171505.17,0.8333333333333334
NVIC_0098,CNP0212937.23,0.84375
NVIC_0098,CNP0171505.6,0.8333333333333334
NVIC_0098,CNP0222584.18,0.873015873015873
NVIC_0098,CNP0268715.25,1.0
NVIC_0098,CNP0105002.2,0.8309859154929577
NVIC_0098,CNP0120343.1,0.8955223880597015
NVIC_0098,CNP0268736.9,0.8507462686567164
NVIC_0098,CNP0212937.21,0.84375
NVIC_0098,CNP0218462.4,0.8805970149253731
NVIC_0098,CNP0222584.9,0.873015873015873
NVIC_0098,CNP0126867.1,0.8382352941176471
NVIC_0098,CNP0055183.1,0.8088235294117647
NVIC_0098,CNP0212937.16,0.84375
NVIC_0098,CNP0290080.1,0.8507462686567164
NVIC_0098,CNP0311476.2,0.84375
NVIC_0098,CNP0137934.7,0.84375
NVIC_0098,CNP0218462.12,0.8805970149253731
NVIC_0098,CNP0215938.2,0.8194444444444444
NVIC_0098,CNP0184447.7,0.8507462686567164
NVIC_0098,CNP0127348.2,0.8169014084507042
NVIC_0098,CNP0268715.5,1.0
NVIC_0098,CNP0184447.10,0.8507462686567164
NVIC_0098,CNP0184447.2,0.8507462686567164
NVIC_0098,CNP0249085.1,0.8636363636363636
NVIC_0098,CNP0218462.10,0.8805970149253731
NVIC_0098,CNP0127348.1,0.8169014084507042
NVIC_0098,CNP0171505.21,0.8333333333333334
NVIC_0098,CNP0135915.1,0.8169014084507042
NVIC_0098,CNP0184447.4,0.8507462686567164
NVIC_0098,CNP0222584.6,0.873015873015873
NVIC_0098,CNP0249085.4,0.8636363636363636
NVIC_0098,CNP0184447.8,0.8507462686567164
NVIC_0098,CNP0133074.1,0.8028169014084507
NVIC_0098,CNP0222584.12,0.873015873015873
NVIC_0098,CNP0268715.10,1.0
NVIC_0098,CNP0212937.9,0.84375
NVIC_0098,CNP0268715.26,1.0
NVIC_0098,CNP0196376.7,0.8955223880597015
NVIC_0098,CNP0120343.9,0.8955223880597015
NVIC_0098,CNP0414202.5,0.8428571428571429
NVIC_0098,CNP0268715.27,1.0
NVIC_0098,CNP0174369.6,0.8382352941176471
NVIC_0098,CNP0268715.33,1.0
NVIC_0098,CNP0218462.11,0.8805970149253731
NVIC_0098,CNP0171505.8,0.8333333333333334
NVIC_0098,CNP0222584.27,0.873015873015873
NVIC_0098,CNP0029679.1,0.8333333333333334
NVIC_0098,CNP0318440.2,0.8805970149253731
NVIC_0098,CNP0268715.9,1.0
NVIC_0098,CNP0171505.13,0.8333333333333334
NVIC_0098,CNP0268736.10,0.8507462686567164
NVIC_0098,CNP0186498.2,0.8194444444444444
NVIC_0098,CNP0268736.14,0.8507462686567164
NVIC_0098,CNP0222584.10,0.873015873015873
NVIC_0098,CNP0175038.2,0.890625
NVIC_0098,CNP0164573.2,0.8235294117647058
NVIC_0098,CNP0173336.5,0.8309859154929577
NVIC_0098,CNP0215938.3,0.8194444444444444
NVIC_0098,CNP0145756.7,0.8309859154929577
NVIC_0098,CNP0175038.8,0.890625
NVIC_0098,CNP0268715.45,1.0
NVIC_0098,CNP0171505.3,0.8333333333333334
NVIC_0098,CNP0268715.38,1.0
NVIC_0098,CNP0268736.31,0.8507462686567164
NVIC_0098,CNP0268736.17,0.8507462686567164
NVIC_0098,CNP0318440.5,0.8805970149253731
NVIC_0098,CNP0174369.7,0.8382352941176471
NVIC_0098,CNP0218462.9,0.8805970149253731
NVIC_0098,CNP0212937.18,0.84375
NVIC_0098,CNP0212937.19,0.84375
NVIC_0098,CNP0268736.25,0.8507462686567164
NVIC_0098,CNP0407665.3,1.0
NVIC_0098,CNP0145756.5,0.8309859154929577
NVIC_0098,CNP0268715.31,1.0
NVIC_0098,CNP0268715.24,1.0
NVIC_0098,CNP0120343.10,0.8955223880597015
NVIC_0098,CNP0268715.34,1.0
NVIC_0098,CNP0196376.5,0.8955223880597015
NVIC_0098,CNP0171505.24,0.8333333333333334
NVIC_0098,CNP0222584.23,0.873015873015873
NVIC_0098,CNP0285460.1,0.8125
NVIC_0098,CNP0196376.6,0.8955223880597015
NVIC_0098,CNP0268736.28,0.8507462686567164
NVIC_0098,CNP0171505.18,0.8333333333333334
NVIC_0098,CNP0414202.4,0.8428571428571429
NVIC_0098,CNP0248495.5,0.8309859154929577
NVIC_0098,CNP0268736.16,0.8507462686567164
NVIC_0098,CNP0105002.1,0.8309859154929577
NVIC_0098,CNP0105002.3,0.8309859154929577
NVIC_0098,CNP0186498.1,0.8194444444444444
NVIC_0098,CNP0227849.2,0.8507462686567164
NVIC_0098,CNP0151008.1,0.8169014084507042
NVIC_0098,CNP0137934.5,0.84375
NVIC_0098,CNP0298070.1,0.8428571428571429
NVIC_0098,CNP0003399.1,0.84375
NVIC_0098,CNP0249085.9,0.8636363636363636
NVIC_0098,CNP0204813.1,0.84375
NVIC_0098,CNP0318440.1,0.8805970149253731
NVIC_0098,CNP0151008.2,0.8169014084507042
NVIC_0098,CNP0407665.5,1.0
NVIC_0098,CNP0127142.0,0.8939393939393939
NVIC_0098,CNP0268715.1,1.0
NVIC_0098,CNP0222584.3,0.873015873015873
NVIC_0098,CNP0120343.2,0.8955223880597015
NVIC_0098,CNP0358954.1,0.8028169014084507
NVIC_0098,CNP0222584.17,0.873015873015873
NVIC_0098,CNP0111678.1,0.8181818181818182
NVIC_0098,CNP0318440.3,0.8805970149253731
NVIC_0098,CNP0358954.2,0.8028169014084507
NVIC_0098,CNP0174369.11,0.8382352941176471
NVIC_0098,CNP0171505.26,0.8333333333333334
NVIC_0098,CNP0174369.1,0.8382352941176471
NVIC_0098,CNP0196375.1,0.8194444444444444
NVIC_0098,CNP0171505.1,0.8333333333333334
NVIC_0098,CNP0222584.1,0.873015873015873
NVIC_0098,CNP0268715.37,1.0
NVIC_0098,CNP0120343.5,0.8955223880597015
NVIC_0098,CNP0215938.1,0.8194444444444444
NVIC_0098,CNP0126287.1,0.8059701492537313
NVIC_0098,CNP0414202.2,0.8428571428571429
NVIC_0098,CNP0317393.5,0.873015873015873
NVIC_0098,CNP0249085.5,0.8636363636363636
NVIC_0098,CNP0190660.1,0.8088235294117647
NVIC_0098,CNP0268715.35,1.0
NVIC_0098,CNP0196375.2,0.8194444444444444
NVIC_0098,CNP0222584.30,0.873015873015873
NVIC_0098,CNP0268736.8,0.8507462686567164
NVIC_0098,CNP0196376.2,0.8955223880597015
NVIC_0098,CNP0268736.32,0.8507462686567164
NVIC_0098,CNP0196376.1,0.8955223880597015
NVIC_0098,CNP0268736.21,0.8507462686567164
NVIC_0098,CNP0222584.5,0.873015873015873
NVIC_0098,CNP0175038.12,0.890625
NVIC_0098,CNP0164573.1,0.8235294117647058
NVIC_0098,CNP0222584.2,0.873015873015873
NVIC_0098,CNP0268715.22,1.0
NVIC_0098,CNP0349952.0,0.8059701492537313
NVIC_0098,CNP0137934.6,0.84375
NVIC_0098,CNP0196376.8,0.8955223880597015
NVIC_0098,CNP0204752.1,0.8382352941176471
NVIC_0098,CNP0268736.11,0.8507462686567164
NVIC_0098,CNP0164573.3,0.8235294117647058
NVIC_0098,CNP0120343.3,0.8955223880597015
NVIC_0098,CNP0414411.2,0.8028169014084507
NVIC_0098,CNP0186498.5,0.8194444444444444
NVIC_0098,CNP0218462.8,0.8805970149253731
NVIC_0098,CNP0362157.1,0.8309859154929577
NVIC_0098,CNP0175038.7,0.890625
NVIC_0098,CNP0232237.1,0.8309859154929577
NVIC_0098,CNP0173336.1,0.8309859154929577
NVIC_0098,CNP0268736.1,0.8507462686567164
NVIC_0098,CNP0145756.2,0.8309859154929577
NVIC_0098,CNP0222584.20,0.873015873015873
NVIC_0098,CNP0184447.9,0.8507462686567164
NVIC_0098,CNP0212937.4,0.84375
NVIC_0098,CNP0268715.36,1.0
NVIC_0098,CNP0268736.30,0.8507462686567164
NVIC_0098,CNP0175038.11,0.890625
NVIC_0098,CNP0268736.26,0.8507462686567164
NVIC_0098,CNP0218462.7,0.8805970149253731
NVIC_0098,CNP0190660.2,0.8088235294117647
NVIC_0098,CNP0204813.2,0.84375
NVIC_0098,CNP0268715.41,1.0
NVIC_0098,CNP0223981.1,0.8235294117647058
NVIC_0098,CNP0184447.11,0.8507462686567164
NVIC_0098,CNP0175038.1,0.890625
NVIC_0098,CNP0414411.1,0.8028169014084507
NVIC_0098,CNP0414202.3,0.8428571428571429
NVIC_0098,CNP0358291.1,0.921875
NVIC_0098,CNP0268715.29,1.0
NVIC_0098,CNP0222584.22,0.873015873015873
NVIC_0098,CNP0222584.25,0.873015873015873
NVIC_0098,CNP0249085.3,0.8636363636363636
NVIC_0098,CNP0196376.9,0.8955223880597015
NVIC_0098,CNP0248495.3,0.8309859154929577
NVIC_0098,CNP0268715.20,1.0
NVIC_0098,CNP0249085.7,0.8636363636363636
NVIC_0098,CNP0216648.1,0.8571428571428571
NVIC_0098,CNP0267896.1,0.8769230769230769
NVIC_0098,CNP0247758.1,0.8181818181818182
NVIC_0098,CNP0248495.2,0.8309859154929577
NVIC_0098,CNP0249085.6,0.8636363636363636
NVIC_0098,CNP0414202.1,0.8428571428571429
NVIC_0098,CNP0173336.4,0.8309859154929577
NVIC_0098,CNP0304362.1,0.8307692307692308
NVIC_0098,CNP0268715.3,1.0
NVIC_0098,CNP0247758.2,0.8181818181818182
NVIC_0098,CNP0184447.6,0.8507462686567164
NVIC_0098,CNP0222584.19,0.873015873015873
NVIC_0098,CNP0105002.4,0.8309859154929577
NVIC_0098,CNP0126867.3,0.8382352941176471
NVIC_0098,CNP0143682.1,0.859375
NVIC_0098,CNP0126867.2,0.8382352941176471
NVIC_0098,CNP0186498.4,0.8194444444444444
NVIC_0098,CNP0268736.20,0.8507462686567164
NVIC_0098,CNP0414411.3,0.8028169014084507
NVIC_0098,CNP0171505.19,0.8333333333333334
NVIC_0098,CNP0171505.22,0.8333333333333334
NVIC_0098,CNP0222584.29,0.873015873015873
NVIC_0098,CNP0268736.22,0.8507462686567164
NVIC_0098,CNP0227849.3,0.8507462686567164
NVIC_0098,CNP0145756.1,0.8309859154929577
NVIC_0098,CNP0049008.1,0.8333333333333334
NVIC_0098,CNP0268736.7,0.8507462686567164
NVIC_0098,CNP0173336.2,0.8309859154929577
NVIC_0098,CNP0222584.24,0.873015873015873
NVIC_0098,CNP0174369.3,0.8382352941176471
NVIC_0098,CNP0120343.6,0.8955223880597015
NVIC_0098,CNP0184447.5,0.8507462686567164
NVIC_0098,CNP0212937.8,0.84375
NVIC_0098,CNP0040177.0,0.8382352941176471
NVIC_0098,CNP0175038.10,0.890625
NVIC_0098,CNP0171505.23,0.8333333333333334
NVIC_0098,CNP0268736.24,0.8507462686567164
NVIC_0098,CNP0268736.6,0.8507462686567164
NVIC_0098,CNP0173336.3,0.8309859154929577
NVIC_0098,CNP0268715.44,1.0
NVIC_0098,CNP0249085.2,0.8636363636363636
NVIC_0098,CNP0268736.5,0.8507462686567164
NVIC_0098,CNP0175038.4,0.890625
NVIC_0098,CNP0227849.4,0.8507462686567164
NVIC_0098,CNP0137934.3,0.84375
NVIC_0098,CNP0317393.2,0.873015873015873
NVIC_0098,CNP0268715.40,1.0
NVIC_0098,CNP0212937.13,0.84375
NVIC_0098,CNP0222584.8,0.873015873015873
NVIC_0098,CNP0222584.31,0.873015873015873
NVIC_0098,CNP0212937.22,0.84375
NVIC_0098,CNP0145756.3,0.8309859154929577
NVIC_0098,CNP0135915.2,0.8169014084507042
NVIC_0098,CNP0268715.21,1.0
NVIC_0098,CNP0248495.6,0.8309859154929577
NVIC_0098,CNP0212937.1,0.84375
NVIC_0098,CNP0223981.2,0.8235294117647058
NVIC_0098,CNP0268715.16,1.0
NVIC_0098,CNP0145756.4,0.8309859154929577
NVIC_0098,CNP0171505.14,0.8333333333333334
NVIC_0098,CNP0218462.5,0.8805970149253731
NVIC_0098,CNP0186498.3,0.8194444444444444
NVIC_0098,CNP0318440.4,0.8805970149253731
NVIC_0098,CNP0174369.8,0.8382352941176471
NVIC_0098,CNP0222584.32,0.873015873015873
NVIC_0098,CNP0249085.8,0.8636363636363636
NVIC_0098,CNP0227849.1,0.8507462686567164
NVIC_0098,CNP0317393.3,0.873015873015873
NVIC_0098,CNP0268736.23,0.8507462686567164
NVIC_0098,CNP0171505.15,0.8333333333333334
NVIC_0098,CNP0049008.2,0.8333333333333334
NVIC_0098,CNP0268736.15,0.8507462686567164
NVIC_0098,CNP0268736.3,0.8507462686567164
NVIC_0098,CNP0268736.2,0.8507462686567164
NVIC_0098,CNP0218462.2,0.8805970149253731
NVIC_0098,CNP0204752.2,0.8382352941176471
NVIC_0098,CNP0215605.0,0.8194444444444444
NVIC_0098,CNP0171505.2,0.8333333333333334
NVIC_0098,CNP0212937.14,0.84375
NVIC_0098,CNP0290080.2,0.8507462686567164
NVIC_0098,CNP0187798.0,0.8636363636363636
NVIC_0098,CNP0212937.12,0.84375
NVIC_0099,CNP0289059.0,0.864406779661017
NVIC_0099,CNP0409597.0,1.0
NVIC_0099,CNP0271891.0,0.8064516129032258
NVIC_0100,CNP0343062.1,0.8032786885245902
NVIC_0100,CNP0280886.1,0.8524590163934426
NVIC_0100,CNP0117742.8,0.8135593220338984
NVIC_0100,CNP0117742.9,0.8135593220338984
NVIC_0100,CNP0261058.4,1.0
NVIC_0100,CNP0117742.12,0.8135593220338984
NVIC_0100,CNP0250658.1,0.8333333333333334
NVIC_0100,CNP0519233.0,0.819672131147541
NVIC_0100,CNP0343062.3,0.8032786885245902
NVIC_0100,CNP0117742.10,0.8135593220338984
NVIC_0100,CNP0117742.7,0.8135593220338984
NVIC_0100,CNP0261058.3,1.0
NVIC_0100,CNP0117742.5,0.8135593220338984
NVIC_0100,CNP0117742.2,0.8135593220338984
NVIC_0100,CNP0343062.2,0.8032786885245902
NVIC_0100,CNP0261058.5,1.0
NVIC_0100,CNP0343062.4,0.8032786885245902
NVIC_0100,CNP0261058.1,1.0
NVIC_0100,CNP0117742.3,0.8135593220338984
NVIC_0100,CNP0280886.2,0.8524590163934426
NVIC_0100,CNP0117742.6,0.8135593220338984
NVIC_0100,CNP0117742.1,0.8135593220338984
NVIC_0100,CNP0117742.4,0.8135593220338984
NVIC_0100,CNP0117742.11,0.8135593220338984
NVIC_0101,CNP0182194.8,1.0
NVIC_0101,CNP0182194.10,1.0
NVIC_0101,CNP0182194.7,1.0
NVIC_0101,CNP0182194.12,1.0
NVIC_0101,CNP0141064.1,1.0
NVIC_0101,CNP0182194.1,1.0
NVIC_0101,CNP0182194.9,1.0
NVIC_0101,CNP0182194.4,1.0
NVIC_0101,CNP0182194.3,1.0
NVIC_0101,CNP0182194.6,1.0
NVIC_0101,CNP0182194.11,1.0
NVIC_0101,CNP0182194.5,1.0
NVIC_0101,CNP0182194.2,1.0
NVIC_0103,CNP0556814.0,0.8415841584158416
NVIC_0103,CNP0513021.0,1.0
NVIC_0105,CNP0485135.0,0.82
NVIC_0105,CNP0226411.6,0.9024390243902439
NVIC_0105,CNP0226411.2,0.9024390243902439
NVIC_0105,CNP0226411.3,0.9024390243902439
NVIC_0105,CNP0244994.4,1.0
NVIC_0105,CNP0148893.0,0.8095238095238095
NVIC_0105,CNP0226411.4,0.9024390243902439
NVIC_0105,CNP0236015.0,0.8333333333333334
NVIC_0105,CNP0285230.1,0.8048780487804879
NVIC_0105,CNP0226411.8,0.9024390243902439
NVIC_0105,CNP0244994.3,1.0
NVIC_0105,CNP0226411.1,0.9024390243902439
NVIC_0105,CNP0244994.2,1.0
NVIC_0105,CNP0317101.1,1.0
NVIC_0105,CNP0226411.5,0.9024390243902439
NVIC_0105,CNP0226411.7,0.9024390243902439
NVIC_0105,CNP0244994.1,1.0
NVIC_0108,CNP0415759.0,1.0
NVIC_0109,CNP0505455.2,0.8875
NVIC_0109,CNP0580703.6,0.8875
NVIC_0109,CNP0599434.1,1.0
NVIC_0109,CNP0487083.3,0.9259259259259259
NVIC_0109,CNP0594858.1,0.8470588235294118
NVIC_0109,CNP0508769.1,0.9125
NVIC_0109,CNP0497138.1,0.8214285714285714
NVIC_0109,CNP0505455.3,0.8875
NVIC_0109,CNP0578124.1,0.8024691358024691
NVIC_0109,CNP0580703.1,0.8875
NVIC_0109,CNP0580703.4,0.8875
NVIC_0109,CNP0498063.1,0.8809523809523809
NVIC_0109,CNP0561014.1,0.8470588235294118
NVIC_0109,CNP0580703.5,0.8875
NVIC_0109,CNP0580703.2,0.8875
NVIC_0109,CNP0505455.1,0.8875
NVIC_0109,CNP0580703.3,0.8875
NVIC_0109,CNP0487083.2,0.9875
NVIC_0109,CNP0487083.1,1.0
NVIC_0109,CNP0508769.2,0.9125
NVIC_0109,CNP0578124.2,0.8024691358024691
NVIC_0110,CNP0337727.0,1.0
NVIC_0111,CNP0205398.2,0.8620689655172413
NVIC_0111,CNP0205398.1,0.8620689655172413
NVIC_0114,CNP0223483.1,1.0
NVIC_0114,CNP0281047.1,0.8775510204081632
NVIC_0114,CNP0223483.4,1.0
NVIC_0114,CNP0187479.1,0.8775510204081632
NVIC_0114,CNP0281047.2,0.8775510204081632
NVIC_0114,CNP0187479.2,0.8775510204081632
NVIC_0114,CNP0223483.3,1.0
NVIC_0114,CNP0223483.5,1.0
NVIC_0114,CNP0187479.3,0.8775510204081632
NVIC_0114,CNP0223483.2,1.0
NVIC_0115,CNP0487530.0,0.8842105263157894
NVIC_0115,CNP0490841.1,0.8247422680412371
NVIC_0115,CNP0070997.1,0.8762886597938144
NVIC_0115,CNP0165945.1,0.968421052631579
NVIC_0117,CNP0153668.1,0.88
NVIC_0117,CNP0153668.2,0.88
NVIC_0118,CNP0266481.1,1.0
NVIC_0118,CNP0174859.15,0.8035714285714286
NVIC_0118,CNP0174859.20,0.8035714285714286
NVIC_0118,CNP0173692.2,0.8032786885245902
NVIC_0118,CNP0174859.3,0.8035714285714286
NVIC_0118,CNP0174859.10,0.8035714285714286
NVIC_0118,CNP0273769.1,0.8070175438596491
NVIC_0118,CNP0174859.19,0.8035714285714286
NVIC_0118,CNP0174859.9,0.8035714285714286
NVIC_0118,CNP0174859.21,0.8035714285714286
NVIC_0118,CNP0173692.3,0.8032786885245902
NVIC_0118,CNP0266481.3,1.0
NVIC_0118,CNP0174859.8,0.8035714285714286
NVIC_0118,CNP0173692.4,0.8032786885245902
NVIC_0118,CNP0174859.22,0.8035714285714286
NVIC_0118,CNP0174859.14,0.8035714285714286
NVIC_0118,CNP0174859.25,0.8035714285714286
NVIC_0118,CNP0174859.7,0.8035714285714286
NVIC_0118,CNP0174859.16,0.8035714285714286
NVIC_0118,CNP0174859.24,0.8035714285714286
NVIC_0118,CNP0173692.1,0.8032786885245902
NVIC_0118,CNP0174859.4,0.8035714285714286
NVIC_0118,CNP0174859.6,0.8035714285714286
NVIC_0118,CNP0174859.17,0.8035714285714286
NVIC_0118,CNP0321193.1,0.8035714285714286
NVIC_0118,CNP0174859.11,0.8035714285714286
NVIC_0118,CNP0266481.2,1.0
NVIC_0118,CNP0174859.23,0.8035714285714286
NVIC_0118,CNP0174859.5,0.8035714285714286
NVIC_0118,CNP0174859.1,0.8035714285714286
NVIC_0118,CNP0174859.12,0.8035714285714286
NVIC_0118,CNP0174859.13,0.8035714285714286
NVIC_0118,CNP0174859.2,0.8035714285714286
NVIC_0118,CNP0174859.18,0.8035714285714286
NVIC_0119,CNP0484941.0,0.8888888888888888
NVIC_0119,CNP0485410.0,0.8888888888888888
NVIC_0119,CNP0489688.0,0.8888888888888888
NVIC_0119,CNP0494179.0,0.8888888888888888
NVIC_0119,CNP0508150.0,0.8888888888888888
NVIC_0119,CNP0542073.0,1.0
NVIC_0119,CNP0547701.0,0.8888888888888888
NVIC_0119,CNP0556042.0,0.8888888888888888
NVIC_0119,CNP0567860.0,0.9411764705882353
NVIC_0119,CNP0568932.0,0.8888888888888888
NVIC_0121,CNP0104526.2,1.0
NVIC_0121,CNP0104526.1,1.0
NVIC_0122,CNP0515716.0,1.0
NVIC_0123,CNP0336448.1,0.8333333333333334
NVIC_0123,CNP0237617.1,0.828125
NVIC_0123,CNP0357155.2,0.9491525423728814
NVIC_0123,CNP0237617.5,0.828125
NVIC_0123,CNP0141025.5,1.0
NVIC_0123,CNP0237617.6,0.828125
NVIC_0123,CNP0167214.2,0.819672131147541
NVIC_0123,CNP0081496.1,0.8571428571428571
NVIC_0123,CNP0241532.1,0.8253968253968254
NVIC_0123,CNP0357155.1,0.9491525423728814
NVIC_0123,CNP0499762.0,0.8059701492537313
NVIC_0123,CNP0208359.4,0.8253968253968254
NVIC_0123,CNP0106057.1,0.8153846153846154
NVIC_0123,CNP0361980.0,0.8484848484848485
NVIC_0123,CNP0141025.2,1.0
NVIC_0123,CNP0116309.2,0.8225806451612904
NVIC_0123,CNP0194455.1,0.8333333333333334
NVIC_0123,CNP0179131.2,0.8333333333333334
NVIC_0123,CNP0153582.2,0.873015873015873
NVIC_0123,CNP0530058.3,0.8208955223880597
NVIC_0123,CNP0326400.1,0.828125
NVIC_0123,CNP0269622.1,0.8307692307692308
NVIC_0123,CNP0208359.2,0.8253968253968254
NVIC_0123,CNP0517645.2,0.8333333333333334
NVIC_0123,CNP0326400.2,0.828125
NVIC_0123,CNP0160685.1,0.8181818181818182
NVIC_0123,CNP0153582.3,0.873015873015873
NVIC_0123,CNP0319025.1,0.873015873015873
NVIC_0123,CNP0195079.1,0.8253968253968254
NVIC_0123,CNP0141025.1,1.0
NVIC_0123,CNP0210999.3,1.0
NVIC_0123,CNP0210999.1,1.0
NVIC_0123,CNP0160685.2,0.8181818181818182
NVIC_0123,CNP0507652.1,0.8484848484848485
NVIC_0123,CNP0160685.3,0.8181818181818182
NVIC_0123,CNP0319025.2,0.873015873015873
NVIC_0123,CNP0241532.5,0.8253968253968254
NVIC_0123,CNP0530058.1,0.8208955223880597
NVIC_0123,CNP0330264.1,0.803030303030303
NVIC_0123,CNP0141025.4,1.0
NVIC_0123,CNP0269691.2,0.8125
NVIC_0123,CNP0144844.0,0.8153846153846154
NVIC_0123,CNP0167214.1,0.819672131147541
NVIC_0123,CNP0116309.3,0.8225806451612904
NVIC_0123,CNP0148870.0,0.9322033898305084
NVIC_0123,CNP0116309.1,0.8225806451612904
NVIC_0123,CNP0237617.3,0.828125
NVIC_0123,CNP0379117.2,0.873015873015873
NVIC_0123,CNP0402956.1,0.8225806451612904
NVIC_0123,CNP0402894.3,0.873015873015873
NVIC_0123,CNP0141025.3,1.0
NVIC_0123,CNP0208359.3,0.8253968253968254
NVIC_0123,CNP0208359.1,0.8253968253968254
NVIC_0123,CNP0571688.0,0.8615384615384616
NVIC_0123,CNP0153582.1,0.873015873015873
NVIC_0123,CNP0179131.1,0.8333333333333334
NVIC_0123,CNP0517645.1,0.8333333333333334
NVIC_0123,CNP0210999.2,1.0
NVIC_0123,CNP0241532.2,0.8253968253968254
NVIC_0123,CNP0097929.2,0.8387096774193549
NVIC_0123,CNP0269691.1,0.8125
NVIC_0123,CNP0269691.3,0.8125
NVIC_0123,CNP0379117.3,0.873015873015873
NVIC_0123,CNP0372944.1,0.828125
NVIC_0123,CNP0323791.1,0.896551724137931
NVIC_0123,CNP0402894.2,0.873015873015873
NVIC_0123,CNP0326400.3,0.828125
NVIC_0123,CNP0241532.3,0.8253968253968254
NVIC_0123,CNP0097929.1,0.8387096774193549
NVIC_0123,CNP0194455.2,0.8333333333333334
NVIC_0123,CNP0326400.4,0.828125
NVIC_0123,CNP0222898.1,0.8615384615384616
NVIC_0123,CNP0380780.1,0.803030303030303
NVIC_0123,CNP0530058.2,0.8208955223880597
NVIC_0123,CNP0379117.1,0.873015873015873
NVIC_0123,CNP0241532.4,0.8253968253968254
NVIC_0123,CNP0402894.1,0.873015873015873
NVIC_0123,CNP0279084.1,0.8064516129032258
NVIC_0123,CNP0237617.4,0.828125
NVIC_0123,CNP0167214.3,0.819672131147541
NVIC_0123,CNP0372969.0,0.8153846153846154
NVIC_0127,CNP0053169.0,0.8518518518518519
NVIC_0130,CNP0213541.0,0.8181818181818182
NVIC_0130,CNP0196064.0,1.0
NVIC_0133,CNP0261813.5,0.8529411764705882
NVIC_0133,CNP0216440.3,0.9090909090909091
NVIC_0133,CNP0578833.1,0.8823529411764706
NVIC_0133,CNP0261813.3,0.8529411764705882
NVIC_0133,CNP0379998.1,0.8823529411764706
NVIC_0133,CNP0198312.7,0.8529411764705882
NVIC_0133,CNP0322183.1,0.8529411764705882
NVIC_0133,CNP0198312.6,0.8529411764705882
NVIC_0133,CNP0147676.2,0.8387096774193549
NVIC_0133,CNP0261813.1,0.8529411764705882
NVIC_0133,CNP0198312.4,0.8529411764705882
NVIC_0133,CNP0028108.0,0.8787878787878788
NVIC_0133,CNP0216440.1,0.9090909090909091
NVIC_0133,CNP0291391.1,0.8529411764705882
NVIC_0133,CNP0198312.2,0.8529411764705882
NVIC_0133,CNP0149229.1,0.8823529411764706
NVIC_0133,CNP0243462.2,0.8235294117647058
NVIC_0133,CNP0198312.11,0.8529411764705882
NVIC_0133,CNP0111650.1,0.8787878787878788
NVIC_0133,CNP0280234.1,0.8529411764705882
NVIC_0133,CNP0264570.2,1.0
NVIC_0133,CNP0239966.1,0.8387096774193549
NVIC_0133,CNP0186067.1,0.8529411764705882
NVIC_0133,CNP0198312.5,0.8529411764705882
NVIC_0133,CNP0578833.2,0.8823529411764706
NVIC_0133,CNP0149229.2,0.8823529411764706
NVIC_0133,CNP0414235.1,1.0
NVIC_0133,CNP0198312.9,0.8529411764705882
NVIC_0133,CNP0261813.2,0.8529411764705882
NVIC_0133,CNP0120173.2,0.9090909090909091
NVIC_0133,CNP0120173.3,0.9090909090909091
NVIC_0133,CNP0285341.1,0.8529411764705882
NVIC_0133,CNP0278387.1,0.8387096774193549
NVIC_0133,CNP0218546.1,0.8333333333333334
NVIC_0133,CNP0243462.1,0.8235294117647058
NVIC_0133,CNP0520007.1,0.8823529411764706
NVIC_0133,CNP0147676.1,0.8387096774193549
NVIC_0133,CNP0253137.0,0.8333333333333334
NVIC_0133,CNP0285222.1,0.8235294117647058
NVIC_0133,CNP0264706.2,0.8333333333333334
NVIC_0133,CNP0269870.0,0.8823529411764706
NVIC_0133,CNP0191766.1,0.8787878787878788
NVIC_0133,CNP0264706.1,0.8333333333333334
NVIC_0133,CNP0198312.3,0.8529411764705882
NVIC_0133,CNP0120173.1,0.9090909090909091
NVIC_0133,CNP0264570.3,1.0
NVIC_0133,CNP0414235.2,1.0
NVIC_0133,CNP0198312.1,0.8529411764705882
NVIC_0133,CNP0198312.8,0.8529411764705882
NVIC_0133,CNP0380508.1,0.8055555555555556
NVIC_0133,CNP0242781.1,0.9090909090909091
NVIC_0133,CNP0239966.2,0.8387096774193549
NVIC_0133,CNP0198312.10,0.8529411764705882
NVIC_0133,CNP0261813.4,0.8529411764705882
NVIC_0133,CNP0243462.3,0.8235294117647058
NVIC_0133,CNP0250109.1,0.8333333333333334
NVIC_0133,CNP0216440.2,0.9090909090909091
NVIC_0133,CNP0264570.1,1.0
NVIC_0140,CNP0560581.0,1.0
